{
    "version": "0.4",
    "title": "Archive Blog",
    "type": "archive",
    "metadata": {
        "template_type": "archive-blog",
        "include_in_zip": "1",
        "elementor_pro_required": "1",
        "elementor_library_type": "archive",
        "elementor_pro_conditions": [
            "include\/archive"
        ],
        "additional_template_information": [
            "This is a \"Archive\" template for Elementor Pro.",
            "This template will display on: All Archives."
        ],
        "wp_page_template": "default"
    },
    "content": [
        {
            "id": "743c87c5",
            "settings": {
                "overflow": "hidden",
                "margin": {
                    "unit": "px",
                    "top": "0",
                    "right": 0,
                    "bottom": "0",
                    "left": 0,
                    "isLinked": false
                },
                "margin_tablet": {
                    "unit": "px",
                    "top": "0",
                    "right": 0,
                    "bottom": "0",
                    "left": 0,
                    "isLinked": false
                },
                "margin_mobile": {
                    "unit": "px",
                    "top": "0",
                    "right": 0,
                    "bottom": "0",
                    "left": 0,
                    "isLinked": false
                },
                "padding": {
                    "unit": "px",
                    "top": "280",
                    "right": "30",
                    "bottom": "171",
                    "left": "30",
                    "isLinked": false
                },
                "padding_tablet": {
                    "unit": "px",
                    "top": "193",
                    "right": "30",
                    "bottom": "80",
                    "left": "30",
                    "isLinked": false
                },
                "padding_mobile": {
                    "unit": "px",
                    "top": "126",
                    "right": "20",
                    "bottom": "45",
                    "left": "20",
                    "isLinked": false
                },
                "background_background": "classic",
                "__globals__": {
                    "background_color": "globals\/colors?id=b50670e",
                    "background_overlay_color": "globals\/colors?id=4274169"
                },
                "background_image": {
                    "url": "https:\/\/template-kit.ancorathemes.com\/nelson\/wp-content\/uploads\/sites\/21\/2021\/06\/barber-shaving-man-in-chair-PNZB9QR.jpg",
                    "id": 72
                },
                "background_position": "center center",
                "background_repeat": "no-repeat",
                "background_size": "cover",
                "background_overlay_background": "classic",
                "background_overlay_opacity": {
                    "unit": "px",
                    "size": 0.65,
                    "sizes": []
                }
            },
            "elements": [
                {
                    "id": "85d52ff",
                    "settings": {
                        "_column_size": 100,
                        "_inline_size": null,
                        "margin": {
                            "unit": "px",
                            "top": "0",
                            "right": "0",
                            "bottom": "0",
                            "left": "0",
                            "isLinked": false
                        },
                        "padding": {
                            "unit": "px",
                            "top": "0",
                            "right": "0",
                            "bottom": "0",
                            "left": "0",
                            "isLinked": false
                        }
                    },
                    "elements": [
                        {
                            "id": "449eeda6",
                            "settings": {
                                "title": "Archives",
                                "header_size": "h1",
                                "align": "center",
                                "_margin": {
                                    "unit": "px",
                                    "top": "0",
                                    "right": "0",
                                    "bottom": "0",
                                    "left": "0",
                                    "isLinked": false
                                },
                                "_padding": {
                                    "unit": "px",
                                    "top": "0",
                                    "right": "0",
                                    "bottom": "0",
                                    "left": "0",
                                    "isLinked": false
                                },
                                "_animation": "fadeInUp",
                                "animation_duration": "fast",
                                "_animation_delay": 100
                            },
                            "elements": [],
                            "isInner": false,
                            "widgetType": "heading",
                            "elType": "widget"
                        }
                    ],
                    "isInner": false,
                    "elType": "column"
                }
            ],
            "isInner": false,
            "elType": "section"
        },
        {
            "id": "2abfeda3",
            "settings": {
                "overflow": "hidden",
                "margin": {
                    "unit": "px",
                    "top": "-1",
                    "right": 0,
                    "bottom": "0",
                    "left": 0,
                    "isLinked": false
                },
                "margin_tablet": {
                    "unit": "px",
                    "top": "-1",
                    "right": 0,
                    "bottom": "0",
                    "left": 0,
                    "isLinked": false
                },
                "margin_mobile": {
                    "unit": "px",
                    "top": "-1",
                    "right": 0,
                    "bottom": "0",
                    "left": 0,
                    "isLinked": false
                },
                "padding": {
                    "unit": "px",
                    "top": "120",
                    "right": "30",
                    "bottom": "120",
                    "left": "30",
                    "isLinked": false
                },
                "padding_tablet": {
                    "unit": "px",
                    "top": "98",
                    "right": "30",
                    "bottom": "0",
                    "left": "30",
                    "isLinked": false
                },
                "padding_mobile": {
                    "unit": "px",
                    "top": "58",
                    "right": "20",
                    "bottom": "0",
                    "left": "20",
                    "isLinked": false
                },
                "background_background": "classic",
                "__globals__": {
                    "background_color": "globals\/colors?id=b50670e"
                }
            },
            "elements": [
                {
                    "id": "531c6fed",
                    "settings": {
                        "_column_size": 100,
                        "_inline_size": null,
                        "margin": {
                            "unit": "px",
                            "top": "0",
                            "right": "0",
                            "bottom": "0",
                            "left": "0",
                            "isLinked": false
                        },
                        "padding": {
                            "unit": "px",
                            "top": "0",
                            "right": "0",
                            "bottom": "0",
                            "left": "0",
                            "isLinked": false
                        }
                    },
                    "elements": [
                        {
                            "id": "3cb4ce01",
                            "settings": {
                                "archive_classic_thumbnail_size_size": "full",
                                "archive_classic_item_ratio": {
                                    "unit": "px",
                                    "size": 0.61,
                                    "sizes": []
                                },
                                "archive_classic_meta_data": [
                                    "date"
                                ],
                                "archive_classic_meta_separator": "\/\/\/",
                                "archive_classic_read_more_text": "Read More \u00bb",
                                "archive_cards_meta_separator": "\u2022",
                                "archive_cards_read_more_text": "Read More \u00bb",
                                "archive_full_content_meta_separator": "\/\/\/",
                                "archive_classic_alignment": "center",
                                "archive_classic_image_spacing": {
                                    "unit": "px",
                                    "size": 30,
                                    "sizes": []
                                },
                                "archive_classic_title_spacing": {
                                    "unit": "px",
                                    "size": 2,
                                    "sizes": []
                                },
                                "archive_classic_meta_spacing": {
                                    "unit": "px",
                                    "size": 25,
                                    "sizes": []
                                },
                                "archive_classic_excerpt_spacing": {
                                    "unit": "px",
                                    "size": 14,
                                    "sizes": []
                                },
                                "archive_classic_read_more_spacing": {
                                    "unit": "px",
                                    "size": 0,
                                    "sizes": []
                                },
                                "pagination_page_limit": "5",
                                "pagination_prev_label": "&laquo; Previous",
                                "pagination_next_label": "Next &raquo;",
                                "nothing_found_message": "It seems we can't find what you're looking for.",
                                "__globals__": {
                                    "archive_classic_title_color": "globals\/colors?id=a52dc85",
                                    "archive_classic_title_typography_typography": "",
                                    "archive_classic_meta_color": "globals\/colors?id=096301e",
                                    "archive_classic_meta_typography_typography": "globals\/typography?id=7c91efa",
                                    "archive_classic_excerpt_typography_typography": "globals\/typography?id=text",
                                    "archive_classic_excerpt_color": "globals\/colors?id=c97ee40",
                                    "archive_classic_read_more_color": "globals\/colors?id=a52dc85",
                                    "archive_classic_read_more_typography_typography": "globals\/typography?id=accent",
                                    "pagination_color": "globals\/colors?id=a52dc85",
                                    "pagination_typography_typography": "globals\/typography?id=text",
                                    "pagination_hover_color": "globals\/colors?id=4d1380c",
                                    "pagination_active_color": "globals\/colors?id=096301e",
                                    "nothing_found_color": "globals\/colors?id=096301e",
                                    "nothing_found_typography_typography": "globals\/typography?id=7c91efa"
                                },
                                "_margin": {
                                    "unit": "px",
                                    "top": "0",
                                    "right": "0",
                                    "bottom": "0",
                                    "left": "0",
                                    "isLinked": false
                                },
                                "_padding": {
                                    "unit": "px",
                                    "top": "0",
                                    "right": "0",
                                    "bottom": "0",
                                    "left": "0",
                                    "isLinked": false
                                },
                                "_animation": "fadeInUp",
                                "_animation_delay": 200,
                                "archive_classic_title_color": "#96885F",
                                "archive_classic_title_typography_typography": "custom",
                                "archive_classic_title_typography_font_family": "Teko",
                                "archive_classic_title_typography_font_size": {
                                    "unit": "rem",
                                    "size": 2.188,
                                    "sizes": []
                                },
                                "archive_classic_title_typography_font_size_tablet": {
                                    "unit": "rem",
                                    "size": 1.125,
                                    "sizes": []
                                },
                                "archive_classic_title_typography_font_size_mobile": {
                                    "unit": "rem",
                                    "size": 1.063,
                                    "sizes": []
                                },
                                "archive_classic_title_typography_font_weight": "500",
                                "archive_classic_title_typography_text_transform": "uppercase",
                                "archive_classic_title_typography_font_style": "normal",
                                "archive_classic_title_typography_text_decoration": "none",
                                "archive_classic_title_typography_line_height": {
                                    "unit": "em",
                                    "size": 1,
                                    "sizes": []
                                },
                                "archive_classic_title_typography_letter_spacing": {
                                    "unit": "px",
                                    "size": 1,
                                    "sizes": []
                                },
                                "archive_classic_meta_color": "#E1E1E1",
                                "archive_classic_meta_typography_typography": "custom",
                                "archive_classic_meta_typography_font_family": "Montserrat",
                                "archive_classic_meta_typography_font_size": {
                                    "unit": "rem",
                                    "size": 1,
                                    "sizes": []
                                },
                                "archive_classic_meta_typography_font_size_tablet": {
                                    "unit": "rem",
                                    "size": 0.938,
                                    "sizes": []
                                },
                                "archive_classic_meta_typography_font_size_mobile": {
                                    "unit": "rem",
                                    "size": 0.875,
                                    "sizes": []
                                },
                                "archive_classic_meta_typography_font_weight": "400",
                                "archive_classic_meta_typography_text_transform": "none",
                                "archive_classic_meta_typography_font_style": "normal",
                                "archive_classic_meta_typography_text_decoration": "none",
                                "archive_classic_meta_typography_line_height": {
                                    "unit": "em",
                                    "size": 1.75,
                                    "sizes": []
                                },
                                "archive_classic_meta_typography_letter_spacing": {
                                    "unit": "px",
                                    "size": 0,
                                    "sizes": []
                                },
                                "archive_classic_excerpt_color": "#8D8D8D",
                                "archive_classic_excerpt_typography_typography": "custom",
                                "archive_classic_excerpt_typography_font_family": "Montserrat",
                                "archive_classic_excerpt_typography_font_size": {
                                    "unit": "rem",
                                    "size": 1.125,
                                    "sizes": []
                                },
                                "archive_classic_excerpt_typography_font_size_tablet": {
                                    "unit": "rem",
                                    "size": 1.063,
                                    "sizes": []
                                },
                                "archive_classic_excerpt_typography_font_size_mobile": {
                                    "unit": "rem",
                                    "size": 1,
                                    "sizes": []
                                },
                                "archive_classic_excerpt_typography_font_weight": "400",
                                "archive_classic_excerpt_typography_text_transform": "none",
                                "archive_classic_excerpt_typography_font_style": "normal",
                                "archive_classic_excerpt_typography_text_decoration": "none",
                                "archive_classic_excerpt_typography_line_height": {
                                    "unit": "em",
                                    "size": 1.667,
                                    "sizes": []
                                },
                                "archive_classic_excerpt_typography_letter_spacing": {
                                    "unit": "px",
                                    "size": 0,
                                    "sizes": []
                                },
                                "archive_classic_read_more_color": "#96885F",
                                "archive_classic_read_more_typography_typography": "custom",
                                "archive_classic_read_more_typography_font_family": "Montserrat",
                                "archive_classic_read_more_typography_font_size": {
                                    "unit": "rem",
                                    "size": 0.875,
                                    "sizes": []
                                },
                                "archive_classic_read_more_typography_font_size_tablet": {
                                    "unit": "rem",
                                    "size": 0.813,
                                    "sizes": []
                                },
                                "archive_classic_read_more_typography_font_size_mobile": {
                                    "unit": "rem",
                                    "size": 0.75,
                                    "sizes": []
                                },
                                "archive_classic_read_more_typography_font_weight": "800",
                                "archive_classic_read_more_typography_text_transform": "uppercase",
                                "archive_classic_read_more_typography_font_style": "normal",
                                "archive_classic_read_more_typography_text_decoration": "none",
                                "archive_classic_read_more_typography_line_height": {
                                    "unit": "em",
                                    "size": 1,
                                    "sizes": []
                                },
                                "archive_classic_read_more_typography_letter_spacing": {
                                    "unit": "px",
                                    "size": 0.7,
                                    "sizes": []
                                },
                                "archive_classic_read_more_typography_letter_spacing_mobile": {
                                    "unit": "px",
                                    "size": 0,
                                    "sizes": []
                                },
                                "pagination_typography_typography": "custom",
                                "pagination_typography_font_family": "Montserrat",
                                "pagination_typography_font_size": {
                                    "unit": "rem",
                                    "size": 1.125,
                                    "sizes": []
                                },
                                "pagination_typography_font_size_tablet": {
                                    "unit": "rem",
                                    "size": 1.063,
                                    "sizes": []
                                },
                                "pagination_typography_font_size_mobile": {
                                    "unit": "rem",
                                    "size": 1,
                                    "sizes": []
                                },
                                "pagination_typography_font_weight": "400",
                                "pagination_typography_text_transform": "none",
                                "pagination_typography_font_style": "normal",
                                "pagination_typography_text_decoration": "none",
                                "pagination_typography_line_height": {
                                    "unit": "em",
                                    "size": 1.667,
                                    "sizes": []
                                },
                                "pagination_typography_letter_spacing": {
                                    "unit": "px",
                                    "size": 0,
                                    "sizes": []
                                },
                                "pagination_color": "#96885F",
                                "pagination_hover_color": "#FFFFFF",
                                "pagination_active_color": "#E1E1E1",
                                "nothing_found_color": "#E1E1E1",
                                "nothing_found_typography_typography": "custom",
                                "nothing_found_typography_font_family": "Montserrat",
                                "nothing_found_typography_font_size": {
                                    "unit": "rem",
                                    "size": 1,
                                    "sizes": []
                                },
                                "nothing_found_typography_font_size_tablet": {
                                    "unit": "rem",
                                    "size": 0.938,
                                    "sizes": []
                                },
                                "nothing_found_typography_font_size_mobile": {
                                    "unit": "rem",
                                    "size": 0.875,
                                    "sizes": []
                                },
                                "nothing_found_typography_font_weight": "400",
                                "nothing_found_typography_text_transform": "none",
                                "nothing_found_typography_font_style": "normal",
                                "nothing_found_typography_text_decoration": "none",
                                "nothing_found_typography_line_height": {
                                    "unit": "em",
                                    "size": 1.75,
                                    "sizes": []
                                },
                                "nothing_found_typography_letter_spacing": {
                                    "unit": "px",
                                    "size": 0,
                                    "sizes": []
                                }
                            },
                            "elements": [],
                            "isInner": false,
                            "widgetType": "archive-posts",
                            "elType": "widget"
                        }
                    ],
                    "isInner": false,
                    "elType": "column"
                }
            ],
            "isInner": false,
            "elType": "section"
        }
    ]
}