{
    "version": "0.4",
    "title": "Contacts",
    "type": "page",
    "metadata": {
        "template_type": "single-page",
        "include_in_zip": "1",
        "elementor_pro_required": "1",
        "wp_page_template": "default"
    },
    "content": [
        {
            "id": "50fa82",
            "settings": {
                "overflow": "hidden",
                "margin": {
                    "unit": "px",
                    "top": "0",
                    "right": 0,
                    "bottom": "0",
                    "left": 0,
                    "isLinked": false
                },
                "margin_tablet": {
                    "unit": "px",
                    "top": "0",
                    "right": 0,
                    "bottom": "0",
                    "left": 0,
                    "isLinked": false
                },
                "margin_mobile": {
                    "unit": "px",
                    "top": "0",
                    "right": 0,
                    "bottom": "0",
                    "left": 0,
                    "isLinked": false
                },
                "padding": {
                    "unit": "px",
                    "top": "280",
                    "right": "30",
                    "bottom": "171",
                    "left": "30",
                    "isLinked": false
                },
                "padding_tablet": {
                    "unit": "px",
                    "top": "193",
                    "right": "30",
                    "bottom": "80",
                    "left": "30",
                    "isLinked": false
                },
                "padding_mobile": {
                    "unit": "px",
                    "top": "126",
                    "right": "20",
                    "bottom": "45",
                    "left": "20",
                    "isLinked": false
                },
                "background_background": "classic",
                "__globals__": {
                    "background_color": "globals\/colors?id=b50670e",
                    "background_overlay_color": "globals\/colors?id=4274169"
                },
                "background_image": {
                    "url": "https:\/\/template-kit.ancorathemes.com\/nelson\/wp-content\/uploads\/sites\/21\/2021\/06\/young-man-at-the-barbershop-R8325N8.jpg",
                    "id": 1969
                },
                "background_position": "center center",
                "background_repeat": "no-repeat",
                "background_size": "cover",
                "background_overlay_background": "classic",
                "background_overlay_opacity": {
                    "unit": "px",
                    "size": 0.65,
                    "sizes": []
                }
            },
            "elements": [
                {
                    "id": "1f0aff6c",
                    "settings": {
                        "_column_size": 100,
                        "_inline_size": null,
                        "margin": {
                            "unit": "px",
                            "top": "0",
                            "right": "0",
                            "bottom": "0",
                            "left": "0",
                            "isLinked": false
                        },
                        "padding": {
                            "unit": "px",
                            "top": "0",
                            "right": "0",
                            "bottom": "0",
                            "left": "0",
                            "isLinked": false
                        }
                    },
                    "elements": [
                        {
                            "id": "44b6f8d6",
                            "settings": {
                                "__dynamic__": {
                                    "title": "[elementor-tag id=\"\" name=\"page-title\" settings=\"%7B%22include_context%22%3A%22%22%2C%22show_home_title%22%3A%22%22%2C%22before%22%3A%22%22%2C%22after%22%3A%22%22%2C%22fallback%22%3A%22%22%7D\"]"
                                },
                                "title": "Add Your Heading Text Here",
                                "align": "center",
                                "_animation": "fadeInUp",
                                "animation_duration": "fast",
                                "_animation_delay": 100
                            },
                            "elements": [],
                            "isInner": false,
                            "widgetType": "theme-page-title",
                            "elType": "widget"
                        }
                    ],
                    "isInner": false,
                    "elType": "column"
                }
            ],
            "isInner": false,
            "elType": "section"
        },
        {
            "id": "4bd9bf2",
            "settings": {
                "overflow": "hidden",
                "margin": {
                    "unit": "px",
                    "top": "-1",
                    "right": 0,
                    "bottom": "0",
                    "left": 0,
                    "isLinked": false
                },
                "margin_tablet": {
                    "unit": "px",
                    "top": "-1",
                    "right": 0,
                    "bottom": "0",
                    "left": 0,
                    "isLinked": false
                },
                "margin_mobile": {
                    "unit": "px",
                    "top": "-1",
                    "right": 0,
                    "bottom": "0",
                    "left": 0,
                    "isLinked": false
                },
                "padding": {
                    "unit": "px",
                    "top": "112",
                    "right": "30",
                    "bottom": "113",
                    "left": "30",
                    "isLinked": false
                },
                "padding_tablet": {
                    "unit": "px",
                    "top": "98",
                    "right": "30",
                    "bottom": "94",
                    "left": "30",
                    "isLinked": false
                },
                "padding_mobile": {
                    "unit": "px",
                    "top": "58",
                    "right": "20",
                    "bottom": "57",
                    "left": "20",
                    "isLinked": false
                },
                "background_background": "classic",
                "__globals__": {
                    "background_color": "globals\/colors?id=b50670e"
                },
                "background_overlay_background": "classic",
                "background_overlay_image": {
                    "url": "https:\/\/template-kit.ancorathemes.com\/nelson\/wp-content\/uploads\/sites\/21\/2021\/06\/bg3-3.png",
                    "id": 1390
                },
                "background_overlay_position": "initial",
                "background_overlay_xpos": {
                    "unit": "%",
                    "size": -3,
                    "sizes": []
                },
                "background_overlay_ypos": {
                    "unit": "%",
                    "size": 278,
                    "sizes": []
                },
                "background_overlay_repeat": "no-repeat",
                "background_overlay_size": "initial",
                "background_overlay_bg_width": {
                    "unit": "%",
                    "size": 34,
                    "sizes": []
                },
                "background_overlay_position_tablet": "initial",
                "background_overlay_position_mobile": "initial",
                "background_overlay_xpos_tablet": {
                    "unit": "%",
                    "size": -35,
                    "sizes": []
                },
                "background_overlay_xpos_mobile": {
                    "unit": "%",
                    "size": 2,
                    "sizes": []
                },
                "background_overlay_ypos_tablet": {
                    "unit": "%",
                    "size": 120,
                    "sizes": []
                },
                "background_overlay_ypos_mobile": {
                    "unit": "%",
                    "size": 105,
                    "sizes": []
                },
                "background_overlay_size_tablet": "initial",
                "background_overlay_bg_width_tablet": {
                    "unit": "%",
                    "size": 50,
                    "sizes": []
                }
            },
            "elements": [
                {
                    "id": "47c98833",
                    "settings": {
                        "_column_size": 100,
                        "_inline_size": null,
                        "margin": {
                            "unit": "px",
                            "top": "0",
                            "right": "0",
                            "bottom": "0",
                            "left": "0",
                            "isLinked": false
                        },
                        "padding": {
                            "unit": "px",
                            "top": "0",
                            "right": "0",
                            "bottom": "0",
                            "left": "0",
                            "isLinked": false
                        }
                    },
                    "elements": [
                        {
                            "id": "70b0518e",
                            "settings": {
                                "structure": "30",
                                "margin": {
                                    "unit": "px",
                                    "top": "0",
                                    "right": 0,
                                    "bottom": "0",
                                    "left": 0,
                                    "isLinked": false
                                },
                                "padding": {
                                    "unit": "px",
                                    "top": "0",
                                    "right": "0",
                                    "bottom": "0",
                                    "left": "0",
                                    "isLinked": false
                                },
                                "margin_tablet": {
                                    "unit": "px",
                                    "top": "0",
                                    "right": 0,
                                    "bottom": "0",
                                    "left": 0,
                                    "isLinked": false
                                },
                                "padding_tablet": {
                                    "unit": "px",
                                    "top": "0",
                                    "right": "0",
                                    "bottom": "0",
                                    "left": "0",
                                    "isLinked": false
                                },
                                "margin_mobile": {
                                    "unit": "px",
                                    "top": "0",
                                    "right": 0,
                                    "bottom": "0",
                                    "left": 0,
                                    "isLinked": false
                                },
                                "padding_mobile": {
                                    "unit": "px",
                                    "top": "0",
                                    "right": "0",
                                    "bottom": "0",
                                    "left": "0",
                                    "isLinked": false
                                }
                            },
                            "elements": [
                                {
                                    "id": "242632b4",
                                    "settings": {
                                        "_column_size": 33,
                                        "_inline_size": null,
                                        "margin": {
                                            "unit": "px",
                                            "top": "0",
                                            "right": "20",
                                            "bottom": "0",
                                            "left": "0",
                                            "isLinked": false
                                        },
                                        "padding": {
                                            "unit": "px",
                                            "top": "70",
                                            "right": "60",
                                            "bottom": "61",
                                            "left": "60",
                                            "isLinked": false
                                        },
                                        "background_background": "classic",
                                        "animation": "fadeInUp",
                                        "animation_duration": "fast",
                                        "animation_delay": 100,
                                        "__globals__": {
                                            "background_color": "globals\/colors?id=2e0839d"
                                        },
                                        "margin_tablet": {
                                            "unit": "px",
                                            "top": "0",
                                            "right": "20",
                                            "bottom": "0",
                                            "left": "0",
                                            "isLinked": false
                                        },
                                        "padding_tablet": {
                                            "unit": "px",
                                            "top": "29",
                                            "right": "10",
                                            "bottom": "40",
                                            "left": "10",
                                            "isLinked": false
                                        },
                                        "margin_mobile": {
                                            "unit": "px",
                                            "top": "0",
                                            "right": "0",
                                            "bottom": "0",
                                            "left": "0",
                                            "isLinked": false
                                        },
                                        "padding_mobile": {
                                            "unit": "px",
                                            "top": "18",
                                            "right": "20",
                                            "bottom": "10",
                                            "left": "20",
                                            "isLinked": false
                                        }
                                    },
                                    "elements": [
                                        {
                                            "id": "519d87d1",
                                            "settings": {
                                                "image": {
                                                    "url": "https:\/\/template-kit.ancorathemes.com\/nelson\/wp-content\/uploads\/sites\/21\/2021\/06\/004-barber.png",
                                                    "id": 2306
                                                },
                                                "thumbnail_size": "custom",
                                                "thumbnail_custom_dimension": {
                                                    "width": "69",
                                                    "height": "56"
                                                },
                                                "title_text": "LOCATION",
                                                "description_text": "128 Winston st, New York, NY 05120",
                                                "text_align": "center",
                                                "title_bottom_space": {
                                                    "unit": "px",
                                                    "size": 1,
                                                    "sizes": []
                                                },
                                                "_margin": {
                                                    "unit": "px",
                                                    "top": "0",
                                                    "right": "0",
                                                    "bottom": "0",
                                                    "left": "0",
                                                    "isLinked": false
                                                },
                                                "_padding": {
                                                    "unit": "px",
                                                    "top": "0",
                                                    "right": "0",
                                                    "bottom": "0",
                                                    "left": "0",
                                                    "isLinked": true
                                                },
                                                "__globals__": {
                                                    "description_color": "globals\/colors?id=c97ee40",
                                                    "description_typography_typography": "globals\/typography?id=text"
                                                },
                                                "image_space": {
                                                    "unit": "px",
                                                    "size": 13,
                                                    "sizes": []
                                                },
                                                "image_size": {
                                                    "unit": "%",
                                                    "size": 100,
                                                    "sizes": []
                                                },
                                                "animation_duration": "fast",
                                                "_animation_delay": 100,
                                                "_margin_tablet": {
                                                    "unit": "px",
                                                    "top": "0",
                                                    "right": "0",
                                                    "bottom": "0",
                                                    "left": "0",
                                                    "isLinked": false
                                                },
                                                "_padding_tablet": {
                                                    "unit": "px",
                                                    "top": "0",
                                                    "right": "0",
                                                    "bottom": "0",
                                                    "left": "0",
                                                    "isLinked": false
                                                },
                                                "_animation": "fadeInUp",
                                                "title_bottom_space_tablet": {
                                                    "unit": "px",
                                                    "size": 11,
                                                    "sizes": []
                                                },
                                                "title_bottom_space_mobile": {
                                                    "unit": "px",
                                                    "size": 8,
                                                    "sizes": []
                                                },
                                                "image_space_tablet": {
                                                    "unit": "px",
                                                    "size": 11,
                                                    "sizes": []
                                                },
                                                "image_space_mobile": {
                                                    "unit": "px",
                                                    "size": 2,
                                                    "sizes": []
                                                }
                                            },
                                            "elements": [],
                                            "isInner": false,
                                            "widgetType": "image-box",
                                            "elType": "widget"
                                        }
                                    ],
                                    "isInner": true,
                                    "elType": "column"
                                },
                                {
                                    "id": "3a82c000",
                                    "settings": {
                                        "_column_size": 33,
                                        "_inline_size": null,
                                        "margin": {
                                            "unit": "px",
                                            "top": "0",
                                            "right": "10",
                                            "bottom": "0",
                                            "left": "10",
                                            "isLinked": false
                                        },
                                        "padding": {
                                            "unit": "px",
                                            "top": "68",
                                            "right": "71",
                                            "bottom": "61",
                                            "left": "71",
                                            "isLinked": false
                                        },
                                        "background_background": "classic",
                                        "animation": "fadeInUp",
                                        "animation_duration": "fast",
                                        "animation_delay": 100,
                                        "__globals__": {
                                            "background_color": "globals\/colors?id=2e0839d"
                                        },
                                        "margin_tablet": {
                                            "unit": "px",
                                            "top": "0",
                                            "right": "10",
                                            "bottom": "0",
                                            "left": "10",
                                            "isLinked": false
                                        },
                                        "padding_tablet": {
                                            "unit": "px",
                                            "top": "29",
                                            "right": "10",
                                            "bottom": "40",
                                            "left": "10",
                                            "isLinked": false
                                        },
                                        "margin_mobile": {
                                            "unit": "px",
                                            "top": "28",
                                            "right": "0",
                                            "bottom": "0",
                                            "left": "0",
                                            "isLinked": false
                                        },
                                        "padding_mobile": {
                                            "unit": "px",
                                            "top": "18",
                                            "right": "20",
                                            "bottom": "10",
                                            "left": "20",
                                            "isLinked": false
                                        }
                                    },
                                    "elements": [
                                        {
                                            "id": "6d5ae0e5",
                                            "settings": {
                                                "image": {
                                                    "url": "https:\/\/template-kit.ancorathemes.com\/nelson\/wp-content\/uploads\/sites\/21\/2021\/06\/Page-1.png",
                                                    "id": 2307
                                                },
                                                "thumbnail_size": "custom",
                                                "thumbnail_custom_dimension": {
                                                    "width": "60",
                                                    "height": "60"
                                                },
                                                "title_text": "CONTACT US",
                                                "description_text": "Call: 1.800.218.20.20 Write: hello@nelson.com",
                                                "text_align": "center",
                                                "title_bottom_space": {
                                                    "unit": "px",
                                                    "size": 1,
                                                    "sizes": []
                                                },
                                                "_margin": {
                                                    "unit": "px",
                                                    "top": "0",
                                                    "right": "0",
                                                    "bottom": "0",
                                                    "left": "0",
                                                    "isLinked": false
                                                },
                                                "_padding": {
                                                    "unit": "px",
                                                    "top": "0",
                                                    "right": "0",
                                                    "bottom": "0",
                                                    "left": "0",
                                                    "isLinked": true
                                                },
                                                "__globals__": {
                                                    "description_color": "globals\/colors?id=c97ee40",
                                                    "description_typography_typography": "globals\/typography?id=text"
                                                },
                                                "image_space": {
                                                    "unit": "px",
                                                    "size": 11,
                                                    "sizes": []
                                                },
                                                "image_size": {
                                                    "unit": "%",
                                                    "size": "",
                                                    "sizes": []
                                                },
                                                "animation_duration": "fast",
                                                "_animation_delay": 200,
                                                "_margin_tablet": {
                                                    "unit": "px",
                                                    "top": "0",
                                                    "right": "0",
                                                    "bottom": "0",
                                                    "left": "0",
                                                    "isLinked": false
                                                },
                                                "_padding_tablet": {
                                                    "unit": "px",
                                                    "top": "0",
                                                    "right": "0",
                                                    "bottom": "0",
                                                    "left": "0",
                                                    "isLinked": false
                                                },
                                                "__dynamic__": {
                                                    "link": "[elementor-tag id=\"266ee46\" name=\"contact-url\" settings=\"%7B%22link_type%22%3A%22email%22%2C%22mail_to%22%3A%22hello%40nelson.com%22%7D\"]"
                                                },
                                                "_animation": "fadeInUp",
                                                "title_bottom_space_tablet": {
                                                    "unit": "px",
                                                    "size": 11,
                                                    "sizes": []
                                                },
                                                "title_bottom_space_mobile": {
                                                    "unit": "px",
                                                    "size": 8,
                                                    "sizes": []
                                                },
                                                "image_space_tablet": {
                                                    "unit": "px",
                                                    "size": 7,
                                                    "sizes": []
                                                },
                                                "image_space_mobile": {
                                                    "unit": "px",
                                                    "size": 2,
                                                    "sizes": []
                                                }
                                            },
                                            "elements": [],
                                            "isInner": false,
                                            "widgetType": "image-box",
                                            "elType": "widget"
                                        }
                                    ],
                                    "isInner": true,
                                    "elType": "column"
                                },
                                {
                                    "id": "1934ce7f",
                                    "settings": {
                                        "_column_size": 33,
                                        "_inline_size": null,
                                        "margin": {
                                            "unit": "px",
                                            "top": "0",
                                            "right": "0",
                                            "bottom": "0",
                                            "left": "20",
                                            "isLinked": false
                                        },
                                        "padding": {
                                            "unit": "px",
                                            "top": "69",
                                            "right": "70",
                                            "bottom": "61",
                                            "left": "70",
                                            "isLinked": false
                                        },
                                        "background_background": "classic",
                                        "animation": "fadeInUp",
                                        "animation_duration": "fast",
                                        "animation_delay": 100,
                                        "__globals__": {
                                            "background_color": "globals\/colors?id=2e0839d"
                                        },
                                        "margin_tablet": {
                                            "unit": "px",
                                            "top": "0",
                                            "right": "0",
                                            "bottom": "0",
                                            "left": "20",
                                            "isLinked": false
                                        },
                                        "padding_tablet": {
                                            "unit": "px",
                                            "top": "29",
                                            "right": "10",
                                            "bottom": "40",
                                            "left": "10",
                                            "isLinked": false
                                        },
                                        "margin_mobile": {
                                            "unit": "px",
                                            "top": "28",
                                            "right": "0",
                                            "bottom": "0",
                                            "left": "0",
                                            "isLinked": false
                                        },
                                        "padding_mobile": {
                                            "unit": "px",
                                            "top": "18",
                                            "right": "20",
                                            "bottom": "10",
                                            "left": "20",
                                            "isLinked": false
                                        }
                                    },
                                    "elements": [
                                        {
                                            "id": "15e08295",
                                            "settings": {
                                                "image": {
                                                    "url": "https:\/\/template-kit.ancorathemes.com\/nelson\/wp-content\/uploads\/sites\/21\/2021\/06\/Working-Hours.png",
                                                    "id": 2311
                                                },
                                                "thumbnail_size": "custom",
                                                "thumbnail_custom_dimension": {
                                                    "width": "58",
                                                    "height": "58"
                                                },
                                                "title_text": "WORKING HOURS",
                                                "description_text": "Mon \u2013 Sat: 9am \u2013 8pm Sun: 9am \u2013 6pm",
                                                "text_align": "center",
                                                "title_bottom_space": {
                                                    "unit": "px",
                                                    "size": 1,
                                                    "sizes": []
                                                },
                                                "_margin": {
                                                    "unit": "px",
                                                    "top": "0",
                                                    "right": "0",
                                                    "bottom": "0",
                                                    "left": "0",
                                                    "isLinked": false
                                                },
                                                "_padding": {
                                                    "unit": "px",
                                                    "top": "0",
                                                    "right": "0",
                                                    "bottom": "0",
                                                    "left": "0",
                                                    "isLinked": true
                                                },
                                                "__globals__": {
                                                    "description_color": "globals\/colors?id=c97ee40",
                                                    "description_typography_typography": "globals\/typography?id=text"
                                                },
                                                "image_space": {
                                                    "unit": "px",
                                                    "size": 12,
                                                    "sizes": []
                                                },
                                                "image_size": {
                                                    "unit": "%",
                                                    "size": "",
                                                    "sizes": []
                                                },
                                                "animation_duration": "fast",
                                                "_animation_delay": 300,
                                                "_margin_tablet": {
                                                    "unit": "px",
                                                    "top": "0",
                                                    "right": "0",
                                                    "bottom": "0",
                                                    "left": "0",
                                                    "isLinked": false
                                                },
                                                "_padding_tablet": {
                                                    "unit": "px",
                                                    "top": "0",
                                                    "right": "0",
                                                    "bottom": "0",
                                                    "left": "0",
                                                    "isLinked": false
                                                },
                                                "_animation": "fadeInUp",
                                                "title_bottom_space_tablet": {
                                                    "unit": "px",
                                                    "size": 11,
                                                    "sizes": []
                                                },
                                                "title_bottom_space_mobile": {
                                                    "unit": "px",
                                                    "size": 8,
                                                    "sizes": []
                                                },
                                                "image_space_tablet": {
                                                    "unit": "px",
                                                    "size": 9,
                                                    "sizes": []
                                                },
                                                "image_space_mobile": {
                                                    "unit": "px",
                                                    "size": 2,
                                                    "sizes": []
                                                }
                                            },
                                            "elements": [],
                                            "isInner": false,
                                            "widgetType": "image-box",
                                            "elType": "widget"
                                        }
                                    ],
                                    "isInner": true,
                                    "elType": "column"
                                }
                            ],
                            "isInner": true,
                            "elType": "section"
                        }
                    ],
                    "isInner": false,
                    "elType": "column"
                }
            ],
            "isInner": false,
            "elType": "section"
        },
        {
            "id": "1fe04ca4",
            "settings": {
                "overflow": "hidden",
                "margin": {
                    "unit": "px",
                    "top": "-1",
                    "right": 0,
                    "bottom": "0",
                    "left": 0,
                    "isLinked": false
                },
                "margin_tablet": {
                    "unit": "px",
                    "top": "-1",
                    "right": 0,
                    "bottom": "0",
                    "left": 0,
                    "isLinked": false
                },
                "margin_mobile": {
                    "unit": "px",
                    "top": "-1",
                    "right": 0,
                    "bottom": "0",
                    "left": 0,
                    "isLinked": false
                },
                "padding": {
                    "unit": "px",
                    "top": "0",
                    "right": "30",
                    "bottom": "0",
                    "left": "30",
                    "isLinked": false
                },
                "padding_tablet": {
                    "unit": "px",
                    "top": "0",
                    "right": "30",
                    "bottom": "0",
                    "left": "30",
                    "isLinked": false
                },
                "padding_mobile": {
                    "unit": "px",
                    "top": "0",
                    "right": "20",
                    "bottom": "0",
                    "left": "20",
                    "isLinked": false
                },
                "background_background": "classic",
                "__globals__": {
                    "background_color": "globals\/colors?id=b50670e"
                },
                "background_overlay_background": "classic",
                "background_overlay_image": {
                    "url": "https:\/\/template-kit.ancorathemes.com\/nelson\/wp-content\/uploads\/sites\/21\/2021\/06\/bg4.png",
                    "id": 796
                },
                "background_overlay_position": "initial",
                "background_overlay_position_mobile": "bottom right",
                "background_overlay_xpos": {
                    "unit": "%",
                    "size": 105,
                    "sizes": []
                },
                "background_overlay_ypos": {
                    "unit": "%",
                    "size": 105,
                    "sizes": []
                },
                "background_overlay_repeat": "no-repeat",
                "background_overlay_size": "initial",
                "background_overlay_size_mobile": "initial",
                "background_overlay_bg_width": {
                    "unit": "%",
                    "size": 25,
                    "sizes": []
                },
                "background_overlay_bg_width_mobile": {
                    "unit": "%",
                    "size": 30,
                    "sizes": []
                },
                "background_overlay_opacity": {
                    "unit": "px",
                    "size": 0.11,
                    "sizes": []
                }
            },
            "elements": [
                {
                    "id": "53848b4f",
                    "settings": {
                        "_column_size": 100,
                        "_inline_size": null,
                        "margin": {
                            "unit": "px",
                            "top": "0",
                            "right": "0",
                            "bottom": "0",
                            "left": "0",
                            "isLinked": false
                        },
                        "padding": {
                            "unit": "px",
                            "top": "0",
                            "right": "0",
                            "bottom": "0",
                            "left": "0",
                            "isLinked": false
                        },
                        "align": "center"
                    },
                    "elements": [
                        {
                            "id": "1e705383",
                            "settings": {
                                "title": "GET IN TOUCH",
                                "_margin": {
                                    "unit": "px",
                                    "top": "0",
                                    "right": "7",
                                    "bottom": "0",
                                    "left": "0",
                                    "isLinked": false
                                },
                                "_padding": {
                                    "unit": "px",
                                    "top": "0",
                                    "right": "0",
                                    "bottom": "0",
                                    "left": "0",
                                    "isLinked": false
                                },
                                "_element_width": "auto",
                                "_animation": "fadeInUp",
                                "animation_duration": "fast",
                                "_animation_delay": 100,
                                "_margin_mobile": {
                                    "unit": "px",
                                    "top": "0",
                                    "right": "0",
                                    "bottom": "0",
                                    "left": "5",
                                    "isLinked": false
                                },
                                "_padding_mobile": {
                                    "unit": "px",
                                    "top": "0",
                                    "right": "0",
                                    "bottom": "0",
                                    "left": "0",
                                    "isLinked": false
                                }
                            },
                            "elements": [],
                            "isInner": false,
                            "widgetType": "heading",
                            "elType": "widget"
                        },
                        {
                            "id": "5a85d693",
                            "settings": {
                                "title": "WITH US",
                                "_margin": {
                                    "unit": "px",
                                    "top": "0",
                                    "right": "0",
                                    "bottom": "0",
                                    "left": "6",
                                    "isLinked": false
                                },
                                "_padding": {
                                    "unit": "px",
                                    "top": "0",
                                    "right": "0",
                                    "bottom": "0",
                                    "left": "0",
                                    "isLinked": false
                                },
                                "_element_width": "auto",
                                "__globals__": {
                                    "title_color": "globals\/colors?id=a52dc85"
                                },
                                "_animation": "fadeInUp",
                                "animation_duration": "fast",
                                "_animation_delay": 100,
                                "_margin_mobile": {
                                    "unit": "px",
                                    "top": "0",
                                    "right": "5",
                                    "bottom": "0",
                                    "left": "0",
                                    "isLinked": false
                                },
                                "_padding_mobile": {
                                    "unit": "px",
                                    "top": "0",
                                    "right": "0",
                                    "bottom": "0",
                                    "left": "0",
                                    "isLinked": false
                                }
                            },
                            "elements": [],
                            "isInner": false,
                            "widgetType": "heading",
                            "elType": "widget"
                        },
                        {
                            "id": "5dab9d8a",
                            "settings": {
                                "width": {
                                    "unit": "px",
                                    "size": 76,
                                    "sizes": []
                                },
                                "align": "center",
                                "text": "Divider",
                                "gap": {
                                    "unit": "px",
                                    "size": "",
                                    "sizes": []
                                },
                                "_margin": {
                                    "unit": "px",
                                    "top": "32",
                                    "right": "0",
                                    "bottom": "0",
                                    "left": "0",
                                    "isLinked": false
                                },
                                "_padding": {
                                    "unit": "px",
                                    "top": "0",
                                    "right": "0",
                                    "bottom": "0",
                                    "left": "0",
                                    "isLinked": false
                                },
                                "__globals__": {
                                    "color": "globals\/colors?id=542a5ad"
                                },
                                "weight": {
                                    "unit": "px",
                                    "size": 2,
                                    "sizes": []
                                },
                                "_animation": "fadeInUp",
                                "animation_duration": "fast",
                                "_animation_delay": 200,
                                "_margin_tablet": {
                                    "unit": "px",
                                    "top": "25",
                                    "right": "0",
                                    "bottom": "0",
                                    "left": "0",
                                    "isLinked": false
                                },
                                "_padding_tablet": {
                                    "unit": "px",
                                    "top": "0",
                                    "right": "0",
                                    "bottom": "0",
                                    "left": "0",
                                    "isLinked": false
                                },
                                "_margin_mobile": {
                                    "unit": "px",
                                    "top": "21",
                                    "right": "0",
                                    "bottom": "0",
                                    "left": "0",
                                    "isLinked": false
                                },
                                "_padding_mobile": {
                                    "unit": "px",
                                    "top": "0",
                                    "right": "0",
                                    "bottom": "0",
                                    "left": "0",
                                    "isLinked": false
                                }
                            },
                            "elements": [],
                            "isInner": false,
                            "widgetType": "divider",
                            "elType": "widget"
                        },
                        {
                            "id": "3368e8b0",
                            "settings": {
                                "editor": "Lorem ipsum dolor sit amet, consectetur adipiscing elit. Proin congue finibus sem at hendrerit. Vestibulum ante ipsum primis in faucibus orci luctus.",
                                "align": "center",
                                "_margin": {
                                    "unit": "px",
                                    "top": "49",
                                    "right": "0",
                                    "bottom": "0",
                                    "left": "0",
                                    "isLinked": false
                                },
                                "_padding": {
                                    "unit": "px",
                                    "top": "0",
                                    "right": "0",
                                    "bottom": "0",
                                    "left": "0",
                                    "isLinked": false
                                },
                                "__globals__": {
                                    "text_color": "globals\/colors?id=c97ee40"
                                },
                                "_element_width": "initial",
                                "_element_custom_width": {
                                    "unit": "px",
                                    "size": 770,
                                    "sizes": []
                                },
                                "_animation": "fadeInUp",
                                "animation_duration": "fast",
                                "_animation_delay": 300,
                                "_margin_tablet": {
                                    "unit": "px",
                                    "top": "41",
                                    "right": "0",
                                    "bottom": "0",
                                    "left": "0",
                                    "isLinked": false
                                },
                                "_padding_tablet": {
                                    "unit": "px",
                                    "top": "0",
                                    "right": "0",
                                    "bottom": "0",
                                    "left": "0",
                                    "isLinked": false
                                },
                                "_margin_mobile": {
                                    "unit": "px",
                                    "top": "36",
                                    "right": "0",
                                    "bottom": "0",
                                    "left": "0",
                                    "isLinked": false
                                },
                                "_padding_mobile": {
                                    "unit": "px",
                                    "top": "0",
                                    "right": "0",
                                    "bottom": "0",
                                    "left": "0",
                                    "isLinked": false
                                }
                            },
                            "elements": [],
                            "isInner": false,
                            "widgetType": "text-editor",
                            "elType": "widget"
                        },
                        {
                            "id": "3da814cf",
                            "settings": {
                                "form_name": "New Form",
                                "form_fields": [
                                    {
                                        "custom_id": "name",
                                        "field_label": "Name",
                                        "placeholder": "Name",
                                        "width": "50",
                                        "_id": "27073eb"
                                    },
                                    {
                                        "custom_id": "email",
                                        "field_type": "email",
                                        "required": "true",
                                        "field_label": "Email",
                                        "placeholder": "Email",
                                        "width": "50",
                                        "_id": "44b3dcf"
                                    },
                                    {
                                        "custom_id": "message",
                                        "field_type": "textarea",
                                        "field_label": "Message",
                                        "placeholder": "Message",
                                        "_id": "5054926",
                                        "rows": 12
                                    }
                                ],
                                "show_labels": "",
                                "button_align": "center",
                                "step_next_label": "Next",
                                "step_previous_label": "Previous",
                                "button_text": "SEND YOUR MESSAGE",
                                "email_content": "[all-fields]",
                                "email_content_2": "[all-fields]",
                                "success_message": "The form was sent successfully.",
                                "error_message": "An error occurred.",
                                "required_field_message": "This field is required.",
                                "invalid_message": "There's something wrong. The form is invalid.",
                                "column_gap": {
                                    "unit": "px",
                                    "size": 30,
                                    "sizes": []
                                },
                                "row_gap": {
                                    "unit": "px",
                                    "size": 30,
                                    "sizes": []
                                },
                                "label_color": "#E1E1E1",
                                "html_color": "#E1E1E1",
                                "field_text_color": "#E1E1E1",
                                "field_typography_font_family": "Montserrat",
                                "field_typography_font_size": {
                                    "unit": "rem",
                                    "size": 0.875,
                                    "sizes": []
                                },
                                "field_typography_font_size_tablet": {
                                    "unit": "rem",
                                    "size": 0.813,
                                    "sizes": []
                                },
                                "field_typography_font_size_mobile": {
                                    "unit": "rem",
                                    "size": 0.75,
                                    "sizes": []
                                },
                                "field_typography_font_weight": "800",
                                "field_typography_text_transform": "uppercase",
                                "field_typography_font_style": "normal",
                                "field_typography_text_decoration": "none",
                                "field_typography_line_height": {
                                    "unit": "em",
                                    "size": 1,
                                    "sizes": []
                                },
                                "field_typography_letter_spacing": {
                                    "unit": "px",
                                    "size": 0.7,
                                    "sizes": []
                                },
                                "field_typography_letter_spacing_mobile": {
                                    "unit": "px",
                                    "size": 0,
                                    "sizes": []
                                },
                                "field_background_color": "#FFFFFF00",
                                "button_typography_font_family": "Montserrat",
                                "button_typography_font_size": {
                                    "unit": "rem",
                                    "size": 0.875,
                                    "sizes": []
                                },
                                "button_typography_font_size_tablet": {
                                    "unit": "rem",
                                    "size": 0.813,
                                    "sizes": []
                                },
                                "button_typography_font_size_mobile": {
                                    "unit": "rem",
                                    "size": 0.75,
                                    "sizes": []
                                },
                                "button_typography_font_weight": "800",
                                "button_typography_text_transform": "uppercase",
                                "button_typography_font_style": "normal",
                                "button_typography_text_decoration": "none",
                                "button_typography_line_height": {
                                    "unit": "em",
                                    "size": 1,
                                    "sizes": []
                                },
                                "button_typography_letter_spacing": {
                                    "unit": "px",
                                    "size": 0.7,
                                    "sizes": []
                                },
                                "button_typography_letter_spacing_mobile": {
                                    "unit": "px",
                                    "size": 0,
                                    "sizes": []
                                },
                                "_margin": {
                                    "unit": "px",
                                    "top": "50",
                                    "right": "0",
                                    "bottom": "0",
                                    "left": "0",
                                    "isLinked": false
                                },
                                "_padding": {
                                    "unit": "px",
                                    "top": "0",
                                    "right": "0",
                                    "bottom": "0",
                                    "left": "0",
                                    "isLinked": false
                                },
                                "__globals__": {
                                    "field_text_color": "globals\/colors?id=096301e",
                                    "field_typography_typography": "",
                                    "html_color": "globals\/colors?id=096301e",
                                    "label_color": "globals\/colors?id=096301e",
                                    "button_typography_typography": "",
                                    "button_text_color": "globals\/colors?id=096301e",
                                    "message_typography_typography": "globals\/typography?id=7c91efa",
                                    "success_message_color": "globals\/colors?id=4d1380c",
                                    "error_message_color": "globals\/colors?id=59c742d",
                                    "inline_message_color": "globals\/colors?id=c117571",
                                    "step_inactive_secondary_color": "globals\/colors?id=4d1380c",
                                    "step_active_secondary_color": "globals\/colors?id=4d1380c",
                                    "step_completed_secondary_color": "globals\/colors?id=4d1380c",
                                    "steps_typography_typography": "globals\/typography?id=7c91efa"
                                }
                            },
                            "elements": [],
                            "isInner": false,
                            "widgetType": "form",
                            "elType": "widget"
                        }
                    ],
                    "isInner": false,
                    "elType": "column"
                }
            ],
            "isInner": false,
            "elType": "section"
        }
    ]
}