{
    "version": "0.4",
    "title": "FAQ",
    "type": "page",
    "metadata": {
        "template_type": "single-page",
        "include_in_zip": "1",
        "elementor_pro_required": "1",
        "wp_page_template": "default"
    },
    "content": [
        {
            "id": "4503c738",
            "settings": {
                "overflow": "hidden",
                "margin": {
                    "unit": "px",
                    "top": "0",
                    "right": 0,
                    "bottom": "0",
                    "left": 0,
                    "isLinked": false
                },
                "margin_tablet": {
                    "unit": "px",
                    "top": "0",
                    "right": 0,
                    "bottom": "0",
                    "left": 0,
                    "isLinked": false
                },
                "margin_mobile": {
                    "unit": "px",
                    "top": "0",
                    "right": 0,
                    "bottom": "0",
                    "left": 0,
                    "isLinked": false
                },
                "padding": {
                    "unit": "px",
                    "top": "280",
                    "right": "30",
                    "bottom": "171",
                    "left": "30",
                    "isLinked": false
                },
                "padding_tablet": {
                    "unit": "px",
                    "top": "193",
                    "right": "30",
                    "bottom": "80",
                    "left": "30",
                    "isLinked": false
                },
                "padding_mobile": {
                    "unit": "px",
                    "top": "126",
                    "right": "20",
                    "bottom": "45",
                    "left": "20",
                    "isLinked": false
                },
                "background_background": "classic",
                "__globals__": {
                    "background_color": "globals\/colors?id=b50670e",
                    "background_overlay_color": "globals\/colors?id=4274169"
                },
                "background_image": {
                    "url": "https:\/\/template-kit.ancorathemes.com\/nelson\/wp-content\/uploads\/sites\/21\/2021\/06\/portrait-of-young-male-barbers-and-hairdressers-in-UNQW32P.jpg",
                    "id": 76
                },
                "background_position": "top center",
                "background_repeat": "no-repeat",
                "background_size": "cover",
                "background_overlay_background": "classic",
                "background_overlay_opacity": {
                    "unit": "px",
                    "size": 0.65,
                    "sizes": []
                }
            },
            "elements": [
                {
                    "id": "402457de",
                    "settings": {
                        "_column_size": 100,
                        "_inline_size": null,
                        "margin": {
                            "unit": "px",
                            "top": "0",
                            "right": "0",
                            "bottom": "0",
                            "left": "0",
                            "isLinked": false
                        },
                        "padding": {
                            "unit": "px",
                            "top": "0",
                            "right": "0",
                            "bottom": "0",
                            "left": "0",
                            "isLinked": false
                        }
                    },
                    "elements": [
                        {
                            "id": "395622fe",
                            "settings": {
                                "__dynamic__": {
                                    "title": "[elementor-tag id=\"\" name=\"page-title\" settings=\"%7B%22include_context%22%3A%22%22%2C%22show_home_title%22%3A%22%22%2C%22before%22%3A%22%22%2C%22after%22%3A%22%22%2C%22fallback%22%3A%22%22%7D\"]"
                                },
                                "title": "Add Your Heading Text Here",
                                "align": "center",
                                "_animation": "fadeInUp",
                                "animation_duration": "fast",
                                "_animation_delay": 100
                            },
                            "elements": [],
                            "isInner": false,
                            "widgetType": "theme-page-title",
                            "elType": "widget"
                        }
                    ],
                    "isInner": false,
                    "elType": "column"
                }
            ],
            "isInner": false,
            "elType": "section"
        },
        {
            "id": "728c99c1",
            "settings": {
                "overflow": "hidden",
                "margin": {
                    "unit": "px",
                    "top": "-1",
                    "right": 0,
                    "bottom": "0",
                    "left": 0,
                    "isLinked": false
                },
                "margin_tablet": {
                    "unit": "px",
                    "top": "-1",
                    "right": 0,
                    "bottom": "0",
                    "left": 0,
                    "isLinked": false
                },
                "margin_mobile": {
                    "unit": "px",
                    "top": "-1",
                    "right": 0,
                    "bottom": "0",
                    "left": 0,
                    "isLinked": false
                },
                "padding": {
                    "unit": "px",
                    "top": "120",
                    "right": "30",
                    "bottom": "101",
                    "left": "30",
                    "isLinked": false
                },
                "padding_tablet": {
                    "unit": "px",
                    "top": "98",
                    "right": "30",
                    "bottom": "98",
                    "left": "30",
                    "isLinked": false
                },
                "padding_mobile": {
                    "unit": "px",
                    "top": "58",
                    "right": "20",
                    "bottom": "58",
                    "left": "20",
                    "isLinked": false
                },
                "background_background": "classic",
                "__globals__": {
                    "background_color": "globals\/colors?id=b50670e"
                },
                "content_width": {
                    "unit": "px",
                    "size": 770,
                    "sizes": []
                },
                "background_overlay_background": "classic",
                "background_overlay_image": {
                    "url": "https:\/\/template-kit.ancorathemes.com\/nelson\/wp-content\/uploads\/sites\/21\/2021\/06\/bg4.png",
                    "id": 796
                },
                "background_overlay_position": "initial",
                "background_overlay_xpos": {
                    "unit": "%",
                    "size": 105,
                    "sizes": []
                },
                "background_overlay_ypos": {
                    "unit": "%",
                    "size": 105,
                    "sizes": []
                },
                "background_overlay_repeat": "no-repeat",
                "background_overlay_size": "initial",
                "background_overlay_bg_width": {
                    "unit": "%",
                    "size": 18,
                    "sizes": []
                },
                "background_overlay_opacity": {
                    "unit": "px",
                    "size": 0.11,
                    "sizes": []
                }
            },
            "elements": [
                {
                    "id": "8aaa827",
                    "settings": {
                        "_column_size": 100,
                        "_inline_size": null,
                        "margin": {
                            "unit": "px",
                            "top": "0",
                            "right": "0",
                            "bottom": "0",
                            "left": "0",
                            "isLinked": false
                        },
                        "padding": {
                            "unit": "px",
                            "top": "0",
                            "right": "0",
                            "bottom": "0",
                            "left": "0",
                            "isLinked": false
                        }
                    },
                    "elements": [
                        {
                            "id": "61a854a3",
                            "settings": {
                                "ekit_accordion_items": [
                                    {
                                        "acc_title": "HOW DO I CHOOSE A BARBER?",
                                        "acc_content": "Sed ut perspiciatis unde omnis iste natus error sit voluptatem accusantium lauda ntium, totam rem aperiam, eaque ipsa quae ab illo inventore veritatis et quasi arch itecto beatae vitae dicta sunt explicabo. Nemo enim ipsam voluptatem quia volu ptas sit aspernatur aut odit aut fugit, sed quia consequuntur magni dolores eos qui ratione voluptatem sequi nesciunt. Neque porro quisquam est, qui dolorem ipsum quia dolor sit amet, consectetur, adipisci.\n<\/br><\/br>\nSed ut perspiciatis unde omnis iste natus error sit voluptatem accusantium lauda ntium, totam rem aperiam, eaque ipsa quae ab illo inventore veritatis et quasi archi tecto beatae vitae dicta sunt explicabo. Nemo enim ipsam voluptatem.",
                                        "ekit_acc_is_active": "yes",
                                        "_id": "fed0778"
                                    },
                                    {
                                        "acc_title": "HOW DO I MAKE AN APPOINTMENT?",
                                        "acc_content": "\nSed ut perspiciatis unde omnis iste natus error sit voluptatem accusantium lauda ntium, totam rem aperiam, eaque ipsa quae ab illo inventore veritatis et quasi arch itecto beatae vitae dicta sunt explicabo. Nemo enim ipsam voluptatem quia volu ptas sit aspernatur aut odit aut fugit, sed quia consequuntur magni dolores eos qui ratione voluptatem sequi nesciunt. Neque porro quisquam est, qui dolorem ipsum quia dolor sit amet, consectetur, adipisci.\n<\/br><\/br>\nSed ut perspiciatis unde omnis iste natus error sit voluptatem accusantium lauda ntium, totam rem aperiam, eaque ipsa quae ab illo inventore veritatis et quasi archi tecto beatae vitae dicta sunt explicabo. Nemo enim ipsam voluptatem.",
                                        "_id": "fbc23b7"
                                    },
                                    {
                                        "acc_title": "HOW TO PREPARE FOR A HAIRCUT\/WHAT TO EXPECT?",
                                        "acc_content": "\nSed ut perspiciatis unde omnis iste natus error sit voluptatem accusantium lauda ntium, totam rem aperiam, eaque ipsa quae ab illo inventore veritatis et quasi arch itecto beatae vitae dicta sunt explicabo. Nemo enim ipsam voluptatem quia volu ptas sit aspernatur aut odit aut fugit, sed quia consequuntur magni dolores eos qui ratione voluptatem sequi nesciunt. Neque porro quisquam est, qui dolorem ipsum quia dolor sit amet, consectetur, adipisci.\n<\/br><\/br>\nSed ut perspiciatis unde omnis iste natus error sit voluptatem accusantium lauda ntium, totam rem aperiam, eaque ipsa quae ab illo inventore veritatis et quasi archi tecto beatae vitae dicta sunt explicabo. Nemo enim ipsam voluptatem.",
                                        "_id": "325fa26"
                                    },
                                    {
                                        "acc_title": "HOW MUCH DOES IT COST?",
                                        "acc_content": "\nSed ut perspiciatis unde omnis iste natus error sit voluptatem accusantium lauda ntium, totam rem aperiam, eaque ipsa quae ab illo inventore veritatis et quasi arch itecto beatae vitae dicta sunt explicabo. Nemo enim ipsam voluptatem quia volu ptas sit aspernatur aut odit aut fugit, sed quia consequuntur magni dolores eos qui ratione voluptatem sequi nesciunt. Neque porro quisquam est, qui dolorem ipsum quia dolor sit amet, consectetur, adipisci.\n<\/br><\/br>\nSed ut perspiciatis unde omnis iste natus error sit voluptatem accusantium lauda ntium, totam rem aperiam, eaque ipsa quae ab illo inventore veritatis et quasi archi tecto beatae vitae dicta sunt explicabo. Nemo enim ipsam voluptatem.",
                                        "_id": "96cbacb"
                                    },
                                    {
                                        "acc_title": "ARE THERE ANY HAIRCUTS YOU WILL NOT DO?",
                                        "acc_content": "\nSed ut perspiciatis unde omnis iste natus error sit voluptatem accusantium lauda ntium, totam rem aperiam, eaque ipsa quae ab illo inventore veritatis et quasi arch itecto beatae vitae dicta sunt explicabo. Nemo enim ipsam voluptatem quia volu ptas sit aspernatur aut odit aut fugit, sed quia consequuntur magni dolores eos qui ratione voluptatem sequi nesciunt. Neque porro quisquam est, qui dolorem ipsum quia dolor sit amet, consectetur, adipisci.\n<\/br><\/br>\nSed ut perspiciatis unde omnis iste natus error sit voluptatem accusantium lauda ntium, totam rem aperiam, eaque ipsa quae ab illo inventore veritatis et quasi archi tecto beatae vitae dicta sunt explicabo. Nemo enim ipsam voluptatem.",
                                        "_id": "6250bb8"
                                    }
                                ],
                                "ekit_accordion_right_icon_actives": {
                                    "value": "icon icon-up-arrow1",
                                    "library": "ekiticons"
                                },
                                "ekit_accordion_background_close_background": "classic",
                                "ekit_accordion_background_close_color": "#02010100",
                                "ekit_accordion_title_border_close_border": "solid",
                                "ekit_accordion_title_border_close_width": {
                                    "unit": "px",
                                    "top": "5",
                                    "right": "5",
                                    "bottom": "5",
                                    "left": "5",
                                    "isLinked": true
                                },
                                "ekit_accordion_border_radious_close": {
                                    "unit": "px",
                                    "top": "7",
                                    "right": "7",
                                    "bottom": "7",
                                    "left": "7",
                                    "isLinked": true
                                },
                                "ekit_accordion_title_padding": {
                                    "unit": "px",
                                    "top": "28",
                                    "right": "40",
                                    "bottom": "28",
                                    "left": "44",
                                    "isLinked": false
                                },
                                "ekit_accordion_title_padding_tablet": {
                                    "unit": "px",
                                    "top": "26",
                                    "right": "40",
                                    "bottom": "26",
                                    "left": "44",
                                    "isLinked": false
                                },
                                "ekit_accordion_title_margin_bottom": {
                                    "unit": "px",
                                    "size": 20,
                                    "sizes": []
                                },
                                "ekit_accordion_title_margin_bottom_tablet": {
                                    "unit": "px",
                                    "size": 28,
                                    "sizes": []
                                },
                                "ekit_accordion_content_padding": {
                                    "unit": "px",
                                    "top": "23",
                                    "right": "50",
                                    "bottom": "32",
                                    "left": "50",
                                    "isLinked": false
                                },
                                "ekit_accordion_content_padding_tablet": {
                                    "unit": "px",
                                    "top": "15",
                                    "right": "40",
                                    "bottom": "25",
                                    "left": "40",
                                    "isLinked": false
                                },
                                "ekit_accordion_content_padding_mobile": {
                                    "unit": "px",
                                    "top": "13",
                                    "right": "30",
                                    "bottom": "31",
                                    "left": "30",
                                    "isLinked": false
                                },
                                "ekit_accordion_section_icon_margin": {
                                    "unit": "px",
                                    "top": "-3",
                                    "right": "43",
                                    "bottom": "0",
                                    "left": "0",
                                    "isLinked": false
                                },
                                "ekit_accordion_section_icon_margin_mobile": {
                                    "unit": "px",
                                    "top": "0",
                                    "right": "20",
                                    "bottom": "0",
                                    "left": "0",
                                    "isLinked": false
                                },
                                "ekit_accordion_icon_typography_close": {
                                    "unit": "px",
                                    "size": 14,
                                    "sizes": []
                                },
                                "ekit_accordion_icon_typography": {
                                    "unit": "px",
                                    "size": 14,
                                    "sizes": []
                                },
                                "__globals__": {
                                    "ekit_accordion_title_typography_typography": "globals\/typography?id=accent",
                                    "ekit_accordion_title_color": "globals\/colors?id=096301e",
                                    "ekit_accordion_title_color_close": "globals\/colors?id=096301e",
                                    "ekit_accordion_title_border_close_color": "globals\/colors?id=a52dc85",
                                    "ekit_accordion_content_color": "globals\/colors?id=c97ee40",
                                    "ekit_accordion_content_typography_typography": "globals\/typography?id=7c91efa",
                                    "ekit_accordion_icon_color_close": "globals\/colors?id=a52dc85",
                                    "ekit_accordion_icon_color": "globals\/colors?id=a52dc85"
                                },
                                "ekit_accordion_border_radious_curve_shape_open": {
                                    "unit": "px",
                                    "top": "2",
                                    "right": "2",
                                    "bottom": "2",
                                    "left": "2",
                                    "isLinked": true
                                }
                            },
                            "elements": [],
                            "isInner": false,
                            "widgetType": "elementskit-accordion",
                            "elType": "widget"
                        }
                    ],
                    "isInner": false,
                    "elType": "column"
                }
            ],
            "isInner": false,
            "elType": "section"
        },
        {
            "id": "6ac1a244",
            "settings": {
                "overflow": "hidden",
                "margin": {
                    "unit": "px",
                    "top": "-1",
                    "right": 0,
                    "bottom": "0",
                    "left": 0,
                    "isLinked": false
                },
                "margin_tablet": {
                    "unit": "px",
                    "top": "-1",
                    "right": 0,
                    "bottom": "0",
                    "left": 0,
                    "isLinked": false
                },
                "margin_mobile": {
                    "unit": "px",
                    "top": "-1",
                    "right": 0,
                    "bottom": "0",
                    "left": 0,
                    "isLinked": false
                },
                "padding": {
                    "unit": "px",
                    "top": "161",
                    "right": "30",
                    "bottom": "166",
                    "left": "30",
                    "isLinked": false
                },
                "padding_tablet": {
                    "unit": "px",
                    "top": "90",
                    "right": "30",
                    "bottom": "98",
                    "left": "30",
                    "isLinked": false
                },
                "padding_mobile": {
                    "unit": "px",
                    "top": "53",
                    "right": "20",
                    "bottom": "58",
                    "left": "20",
                    "isLinked": false
                },
                "background_background": "classic",
                "background_image": {
                    "url": "https:\/\/template-kit.ancorathemes.com\/nelson\/wp-content\/uploads\/sites\/21\/2021\/06\/hair-care-YNDUCU6.jpg",
                    "id": 73
                },
                "background_position": "center center",
                "background_repeat": "no-repeat",
                "background_size": "cover",
                "background_overlay_background": "classic",
                "background_overlay_opacity": {
                    "unit": "px",
                    "size": 0.65,
                    "sizes": []
                },
                "__globals__": {
                    "background_color": "",
                    "background_overlay_color": "globals\/colors?id=4274169"
                }
            },
            "elements": [
                {
                    "id": "57f1c0c6",
                    "settings": {
                        "_column_size": 100,
                        "_inline_size": null,
                        "align": "center",
                        "margin": {
                            "unit": "px",
                            "top": "0",
                            "right": "0",
                            "bottom": "0",
                            "left": "0",
                            "isLinked": false
                        },
                        "margin_tablet": {
                            "unit": "px",
                            "top": "0",
                            "right": "0",
                            "bottom": "0",
                            "left": "0",
                            "isLinked": false
                        },
                        "padding": {
                            "unit": "px",
                            "top": "0",
                            "right": "0",
                            "bottom": "0",
                            "left": "0",
                            "isLinked": false
                        },
                        "padding_tablet": {
                            "unit": "px",
                            "top": "0",
                            "right": "0",
                            "bottom": "0",
                            "left": "0",
                            "isLinked": false
                        }
                    },
                    "elements": [
                        {
                            "id": "6ab3d9be",
                            "settings": {
                                "title": "MAKE",
                                "_margin": {
                                    "unit": "px",
                                    "top": "0",
                                    "right": "8",
                                    "bottom": "0",
                                    "left": "0",
                                    "isLinked": false
                                },
                                "_padding": {
                                    "unit": "px",
                                    "top": "0",
                                    "right": "0",
                                    "bottom": "0",
                                    "left": "0",
                                    "isLinked": false
                                },
                                "__globals__": {
                                    "title_color": "globals\/colors?id=096301e"
                                },
                                "align": "center",
                                "_animation": "fadeInUp",
                                "animation_duration": "fast",
                                "_animation_delay": 100,
                                "header_size": "h1",
                                "_element_width": "auto"
                            },
                            "elements": [],
                            "isInner": false,
                            "widgetType": "heading",
                            "elType": "widget"
                        },
                        {
                            "id": "58db9fb1",
                            "settings": {
                                "title": "an",
                                "_margin": {
                                    "unit": "px",
                                    "top": "0",
                                    "right": "0",
                                    "bottom": "0",
                                    "left": "7",
                                    "isLinked": false
                                },
                                "_padding": {
                                    "unit": "px",
                                    "top": "0",
                                    "right": "0",
                                    "bottom": "0",
                                    "left": "0",
                                    "isLinked": false
                                },
                                "__globals__": {
                                    "title_color": "globals\/colors?id=a52dc85"
                                },
                                "align": "center",
                                "_animation": "fadeInUp",
                                "animation_duration": "fast",
                                "_animation_delay": 100,
                                "header_size": "h1",
                                "_element_width": "auto"
                            },
                            "elements": [],
                            "isInner": false,
                            "widgetType": "heading",
                            "elType": "widget"
                        },
                        {
                            "id": "3d0f52c8",
                            "settings": {
                                "title": "APPOINTMENT",
                                "_margin": {
                                    "unit": "px",
                                    "top": "0",
                                    "right": "0",
                                    "bottom": "0",
                                    "left": "0",
                                    "isLinked": false
                                },
                                "_padding": {
                                    "unit": "px",
                                    "top": "0",
                                    "right": "0",
                                    "bottom": "0",
                                    "left": "0",
                                    "isLinked": false
                                },
                                "__globals__": {
                                    "title_color": "globals\/colors?id=a52dc85"
                                },
                                "align": "center",
                                "_animation": "fadeInUp",
                                "animation_duration": "fast",
                                "_animation_delay": 100,
                                "header_size": "h1"
                            },
                            "elements": [],
                            "isInner": false,
                            "widgetType": "heading",
                            "elType": "widget"
                        },
                        {
                            "id": "2b433c19",
                            "settings": {
                                "width": {
                                    "unit": "px",
                                    "size": 76,
                                    "sizes": []
                                },
                                "align": "center",
                                "text": "Divider",
                                "gap": {
                                    "unit": "px",
                                    "size": "",
                                    "sizes": []
                                },
                                "_margin": {
                                    "unit": "px",
                                    "top": "26",
                                    "right": "0",
                                    "bottom": "0",
                                    "left": "0",
                                    "isLinked": false
                                },
                                "_padding": {
                                    "unit": "px",
                                    "top": "0",
                                    "right": "0",
                                    "bottom": "0",
                                    "left": "0",
                                    "isLinked": false
                                },
                                "__globals__": {
                                    "color": "globals\/colors?id=096301e"
                                },
                                "weight": {
                                    "unit": "px",
                                    "size": 2,
                                    "sizes": []
                                },
                                "_animation": "fadeInUp",
                                "animation_duration": "fast",
                                "_animation_delay": 200,
                                "_margin_tablet": {
                                    "unit": "px",
                                    "top": "30",
                                    "right": "0",
                                    "bottom": "0",
                                    "left": "0",
                                    "isLinked": false
                                },
                                "_padding_tablet": {
                                    "unit": "px",
                                    "top": "0",
                                    "right": "0",
                                    "bottom": "0",
                                    "left": "0",
                                    "isLinked": false
                                },
                                "_margin_mobile": {
                                    "unit": "px",
                                    "top": "25",
                                    "right": "0",
                                    "bottom": "0",
                                    "left": "0",
                                    "isLinked": false
                                },
                                "_padding_mobile": {
                                    "unit": "px",
                                    "top": "0",
                                    "right": "0",
                                    "bottom": "0",
                                    "left": "0",
                                    "isLinked": false
                                }
                            },
                            "elements": [],
                            "isInner": false,
                            "widgetType": "divider",
                            "elType": "widget"
                        },
                        {
                            "id": "d699beb",
                            "settings": {
                                "form_name": "New Form",
                                "form_fields": [
                                    {
                                        "custom_id": "name",
                                        "field_label": "Name",
                                        "placeholder": "Name",
                                        "width": "25",
                                        "_id": "80f2af1"
                                    },
                                    {
                                        "custom_id": "email",
                                        "field_type": "email",
                                        "required": "true",
                                        "field_label": "Email",
                                        "placeholder": "Email",
                                        "width": "25",
                                        "_id": "63d5daf"
                                    },
                                    {
                                        "custom_id": "message",
                                        "field_type": "tel",
                                        "field_label": "PHONE",
                                        "placeholder": "PHONE",
                                        "width": "25",
                                        "_id": "a183ce8"
                                    }
                                ],
                                "button_width": "25",
                                "step_next_label": "Next",
                                "step_previous_label": "Previous",
                                "button_text": "SUBMIT REQUEST",
                                "email_content": "[all-fields]",
                                "email_content_2": "[all-fields]",
                                "success_message": "The form was sent successfully.",
                                "error_message": "An error occurred.",
                                "required_field_message": "This field is required.",
                                "invalid_message": "There's something wrong. The form is invalid.",
                                "show_labels": "",
                                "field_background_color": "",
                                "_margin": {
                                    "unit": "px",
                                    "top": "59",
                                    "right": "0",
                                    "bottom": "0",
                                    "left": "0",
                                    "isLinked": false
                                },
                                "_padding": {
                                    "unit": "px",
                                    "top": "0",
                                    "right": "0",
                                    "bottom": "0",
                                    "left": "0",
                                    "isLinked": false
                                },
                                "column_gap": {
                                    "unit": "px",
                                    "size": 20,
                                    "sizes": []
                                },
                                "row_gap": {
                                    "unit": "px",
                                    "size": 30,
                                    "sizes": []
                                },
                                "field_typography_font_family": "Montserrat",
                                "field_typography_font_size": {
                                    "unit": "rem",
                                    "size": 0.875,
                                    "sizes": []
                                },
                                "field_typography_font_size_tablet": {
                                    "unit": "rem",
                                    "size": 0.813,
                                    "sizes": []
                                },
                                "field_typography_font_size_mobile": {
                                    "unit": "rem",
                                    "size": 0.75,
                                    "sizes": []
                                },
                                "field_typography_font_weight": "800",
                                "field_typography_text_transform": "uppercase",
                                "field_typography_font_style": "normal",
                                "field_typography_text_decoration": "none",
                                "field_typography_line_height": {
                                    "unit": "em",
                                    "size": 1,
                                    "sizes": []
                                },
                                "field_typography_letter_spacing": {
                                    "unit": "px",
                                    "size": 0.7,
                                    "sizes": []
                                },
                                "field_typography_letter_spacing_mobile": {
                                    "unit": "px",
                                    "size": 0,
                                    "sizes": []
                                },
                                "button_text_color": "",
                                "previous_button_text_color": "",
                                "message_typography_typography": "custom",
                                "message_typography_font_family": "Montserrat",
                                "message_typography_font_size": {
                                    "unit": "rem",
                                    "size": 0.875,
                                    "sizes": []
                                },
                                "message_typography_font_size_tablet": {
                                    "unit": "rem",
                                    "size": 0.813,
                                    "sizes": []
                                },
                                "message_typography_font_size_mobile": {
                                    "unit": "rem",
                                    "size": 0.75,
                                    "sizes": []
                                },
                                "message_typography_font_weight": "800",
                                "message_typography_text_transform": "uppercase",
                                "message_typography_font_style": "normal",
                                "message_typography_text_decoration": "none",
                                "message_typography_line_height": {
                                    "unit": "em",
                                    "size": 1,
                                    "sizes": []
                                },
                                "message_typography_letter_spacing": {
                                    "unit": "px",
                                    "size": 0.7,
                                    "sizes": []
                                },
                                "message_typography_letter_spacing_mobile": {
                                    "unit": "px",
                                    "size": 0,
                                    "sizes": []
                                },
                                "success_message_color": "#70927B",
                                "error_message_color": "#E6A87A",
                                "inline_message_color": "#E1E1E1",
                                "steps_typography_typography": "custom",
                                "steps_typography_font_family": "Montserrat",
                                "steps_typography_font_size": {
                                    "unit": "rem",
                                    "size": 0.875,
                                    "sizes": []
                                },
                                "steps_typography_font_size_tablet": {
                                    "unit": "rem",
                                    "size": 0.813,
                                    "sizes": []
                                },
                                "steps_typography_font_size_mobile": {
                                    "unit": "rem",
                                    "size": 0.75,
                                    "sizes": []
                                },
                                "steps_typography_font_weight": "800",
                                "steps_typography_text_transform": "uppercase",
                                "steps_typography_font_style": "normal",
                                "steps_typography_text_decoration": "none",
                                "steps_typography_line_height": {
                                    "unit": "em",
                                    "size": 1,
                                    "sizes": []
                                },
                                "steps_typography_letter_spacing": {
                                    "unit": "px",
                                    "size": 0.7,
                                    "sizes": []
                                },
                                "steps_typography_letter_spacing_mobile": {
                                    "unit": "px",
                                    "size": 0,
                                    "sizes": []
                                },
                                "step_inactive_secondary_color": "",
                                "step_active_secondary_color": "",
                                "step_completed_secondary_color": "",
                                "__globals__": {
                                    "field_text_color": "",
                                    "label_color": "",
                                    "html_color": "",
                                    "success_message_color": "globals\/colors?id=c117571",
                                    "error_message_color": "globals\/colors?id=59c742d",
                                    "inline_message_color": "globals\/colors?id=096301e",
                                    "steps_typography_typography": "globals\/typography?id=accent",
                                    "message_typography_typography": "globals\/typography?id=accent",
                                    "field_typography_typography": "",
                                    "step_inactive_primary_color": "globals\/colors?id=096301e",
                                    "step_active_primary_color": "globals\/colors?id=c117571",
                                    "step_completed_primary_color": "globals\/colors?id=a52dc85",
                                    "html_typography_typography": ""
                                },
                                "html_typography_font_family": "Montserrat",
                                "html_typography_font_size": {
                                    "unit": "rem",
                                    "size": 0.875,
                                    "sizes": []
                                },
                                "html_typography_font_size_tablet": {
                                    "unit": "rem",
                                    "size": 0.813,
                                    "sizes": []
                                },
                                "html_typography_font_size_mobile": {
                                    "unit": "rem",
                                    "size": 0.75,
                                    "sizes": []
                                },
                                "html_typography_font_weight": "800",
                                "html_typography_text_transform": "uppercase",
                                "html_typography_font_style": "normal",
                                "html_typography_text_decoration": "none",
                                "html_typography_line_height": {
                                    "unit": "em",
                                    "size": 1,
                                    "sizes": []
                                },
                                "html_typography_letter_spacing": {
                                    "unit": "px",
                                    "size": 0.7,
                                    "sizes": []
                                },
                                "html_typography_letter_spacing_mobile": {
                                    "unit": "px",
                                    "size": 0,
                                    "sizes": []
                                },
                                "step_inactive_primary_color": "#E1E1E1",
                                "step_active_primary_color": "#70927B",
                                "step_completed_primary_color": "#96885F",
                                "_animation": "fadeInUp",
                                "animation_duration": "fast",
                                "_animation_delay": 100,
                                "_margin_tablet": {
                                    "unit": "px",
                                    "top": "48",
                                    "right": "0",
                                    "bottom": "0",
                                    "left": "0",
                                    "isLinked": false
                                },
                                "_margin_mobile": {
                                    "unit": "px",
                                    "top": "38",
                                    "right": "0",
                                    "bottom": "0",
                                    "left": "0",
                                    "isLinked": false
                                },
                                "_padding_tablet": {
                                    "unit": "px",
                                    "top": "0",
                                    "right": "0",
                                    "bottom": "0",
                                    "left": "0",
                                    "isLinked": false
                                },
                                "_padding_mobile": {
                                    "unit": "px",
                                    "top": "0",
                                    "right": "0",
                                    "bottom": "0",
                                    "left": "0",
                                    "isLinked": false
                                }
                            },
                            "elements": [],
                            "isInner": false,
                            "widgetType": "form",
                            "elType": "widget"
                        }
                    ],
                    "isInner": false,
                    "elType": "column"
                }
            ],
            "isInner": false,
            "elType": "section"
        }
    ]
}