{
    "version": "0.4",
    "title": "Global Kit Styles",
    "type": "section",
    "metadata": {
        "template_type": "global-styles",
        "include_in_zip": "1",
        "elementor_pro_required": null,
        "additional_template_information": [
            "These are the global theme styles configured through the Elementor Theme Styles area."
        ],
        "wp_page_template": "default"
    },
    "content": [],
    "page_settings": {
        "system_colors": [
            {
                "_id": "primary",
                "title": "Primary",
                "color": "#6EC1E4"
            },
            {
                "_id": "secondary",
                "title": "Secondary",
                "color": "#54595F"
            },
            {
                "_id": "text",
                "title": "Text",
                "color": "#2C2C2C"
            },
            {
                "_id": "accent",
                "title": "Accent",
                "color": "#61CE70"
            }
        ],
        "custom_colors": [
            {
                "_id": "4274169",
                "title": "Black",
                "color": "#000000"
            },
            {
                "_id": "4d1380c",
                "title": "White",
                "color": "#FFFFFF"
            },
            {
                "_id": "096301e",
                "title": "WhiteText",
                "color": "#E1E1E1"
            },
            {
                "_id": "c97ee40",
                "title": "GreyText",
                "color": "#8D8D8D"
            },
            {
                "_id": "2e0839d",
                "title": "DarkGrey",
                "color": "#2C2C2C"
            },
            {
                "_id": "a52dc85",
                "title": " Beige",
                "color": "#96885F"
            },
            {
                "_id": "b50670e",
                "title": "DarkGreyBackground",
                "color": "#252525"
            },
            {
                "_id": "c117571",
                "title": "Olive",
                "color": "#70927B"
            },
            {
                "_id": "59c742d",
                "title": "Pink",
                "color": "#E6A87A"
            },
            {
                "_id": "19bcee6",
                "title": "BlackText",
                "color": "#262626"
            },
            {
                "_id": "542a5ad",
                "title": "DividerGrey",
                "color": "#454545"
            },
            {
                "_id": "738359b",
                "title": "Overlay",
                "color": "#121212"
            }
        ],
        "system_typography": [
            {
                "_id": "primary",
                "title": "Primary",
                "typography_typography": "custom",
                "typography_font_family": "Roboto",
                "typography_font_weight": "600"
            },
            {
                "_id": "secondary",
                "title": "Secondary",
                "typography_typography": "custom",
                "typography_font_family": "Roboto Slab",
                "typography_font_weight": "400"
            },
            {
                "_id": "text",
                "title": "Text",
                "typography_typography": "custom",
                "typography_font_family": "Montserrat",
                "typography_font_weight": "400",
                "typography_font_size": {
                    "unit": "rem",
                    "size": 1.125,
                    "sizes": []
                },
                "typography_font_size_tablet": {
                    "unit": "rem",
                    "size": 1.063,
                    "sizes": []
                },
                "typography_font_size_mobile": {
                    "unit": "rem",
                    "size": 1,
                    "sizes": []
                },
                "typography_text_transform": "none",
                "typography_font_style": "normal",
                "typography_text_decoration": "none",
                "typography_line_height": {
                    "unit": "em",
                    "size": 1.667,
                    "sizes": []
                },
                "typography_letter_spacing": {
                    "unit": "px",
                    "size": 0,
                    "sizes": []
                }
            },
            {
                "_id": "accent",
                "title": "Button",
                "typography_typography": "custom",
                "typography_font_family": "Montserrat",
                "typography_font_weight": "800",
                "typography_font_size": {
                    "unit": "rem",
                    "size": 0.875,
                    "sizes": []
                },
                "typography_font_size_tablet": {
                    "unit": "rem",
                    "size": 0.813,
                    "sizes": []
                },
                "typography_font_size_mobile": {
                    "unit": "rem",
                    "size": 0.75,
                    "sizes": []
                },
                "typography_text_transform": "uppercase",
                "typography_font_style": "normal",
                "typography_text_decoration": "none",
                "typography_line_height": {
                    "unit": "em",
                    "size": 1,
                    "sizes": []
                },
                "typography_letter_spacing": {
                    "unit": "px",
                    "size": 0.7,
                    "sizes": []
                },
                "typography_letter_spacing_mobile": {
                    "unit": "px",
                    "size": 0,
                    "sizes": []
                }
            }
        ],
        "custom_typography": [
            {
                "_id": "7c91efa",
                "title": "Content16",
                "typography_typography": "custom",
                "typography_font_family": "Montserrat",
                "typography_font_size": {
                    "unit": "rem",
                    "size": 1,
                    "sizes": []
                },
                "typography_font_size_tablet": {
                    "unit": "rem",
                    "size": 0.938,
                    "sizes": []
                },
                "typography_font_size_mobile": {
                    "unit": "rem",
                    "size": 0.875,
                    "sizes": []
                },
                "typography_font_weight": "400",
                "typography_text_transform": "none",
                "typography_font_style": "normal",
                "typography_text_decoration": "none",
                "typography_line_height": {
                    "unit": "em",
                    "size": 1.75,
                    "sizes": []
                },
                "typography_letter_spacing": {
                    "unit": "px",
                    "size": 0,
                    "sizes": []
                }
            },
            {
                "_id": "fc80743",
                "title": "Title1",
                "typography_typography": "custom",
                "typography_font_family": "Teko",
                "typography_font_size": {
                    "unit": "rem",
                    "size": 5.625,
                    "sizes": []
                },
                "typography_font_size_tablet": {
                    "unit": "rem",
                    "size": 4.375,
                    "sizes": []
                },
                "typography_font_size_mobile": {
                    "unit": "rem",
                    "size": 3.125,
                    "sizes": []
                },
                "typography_font_weight": "500",
                "typography_text_transform": "uppercase",
                "typography_font_style": "normal",
                "typography_text_decoration": "none",
                "typography_line_height": {
                    "unit": "em",
                    "size": 1,
                    "sizes": []
                },
                "typography_letter_spacing": {
                    "unit": "px",
                    "size": 2.2,
                    "sizes": []
                }
            },
            {
                "_id": "120779a",
                "title": "Title2",
                "typography_typography": "custom",
                "typography_font_family": "Teko",
                "typography_font_size": {
                    "unit": "rem",
                    "size": 4.375,
                    "sizes": []
                },
                "typography_font_size_tablet": {
                    "unit": "rem",
                    "size": 3.125,
                    "sizes": []
                },
                "typography_font_size_mobile": {
                    "unit": "rem",
                    "size": 1.563,
                    "sizes": []
                },
                "typography_font_weight": "500",
                "typography_text_transform": "uppercase",
                "typography_font_style": "normal",
                "typography_text_decoration": "none",
                "typography_line_height": {
                    "unit": "em",
                    "size": 1,
                    "sizes": []
                },
                "typography_letter_spacing": {
                    "unit": "px",
                    "size": 1.8,
                    "sizes": []
                }
            },
            {
                "_id": "7d3be95",
                "title": "Title3",
                "typography_typography": "custom",
                "typography_font_family": "Teko",
                "typography_font_size": {
                    "unit": "rem",
                    "size": 2.188,
                    "sizes": []
                },
                "typography_font_size_tablet": {
                    "unit": "rem",
                    "size": 1.125,
                    "sizes": []
                },
                "typography_font_size_mobile": {
                    "unit": "rem",
                    "size": 1.063,
                    "sizes": []
                },
                "typography_font_weight": "500",
                "typography_text_transform": "uppercase",
                "typography_font_style": "normal",
                "typography_text_decoration": "none",
                "typography_line_height": {
                    "unit": "em",
                    "size": 2,
                    "sizes": []
                },
                "typography_letter_spacing": {
                    "unit": "px",
                    "size": 1,
                    "sizes": []
                }
            },
            {
                "_id": "05d402a",
                "title": "Title4",
                "typography_typography": "custom",
                "typography_font_family": "Teko",
                "typography_font_size": {
                    "unit": "rem",
                    "size": 2.188,
                    "sizes": []
                },
                "typography_font_size_tablet": {
                    "unit": "rem",
                    "size": 1.563,
                    "sizes": []
                },
                "typography_font_size_mobile": {
                    "unit": "rem",
                    "size": 1.125,
                    "sizes": []
                },
                "typography_font_weight": "500",
                "typography_text_transform": "uppercase",
                "typography_font_style": "normal",
                "typography_text_decoration": "none",
                "typography_line_height": {
                    "unit": "em",
                    "size": 1,
                    "sizes": []
                },
                "typography_letter_spacing": {
                    "unit": "px",
                    "size": 0.8,
                    "sizes": []
                }
            },
            {
                "_id": "931fb92",
                "title": "Title5",
                "typography_typography": "custom",
                "typography_font_family": "Teko",
                "typography_font_size": {
                    "unit": "rem",
                    "size": 2.188,
                    "sizes": []
                },
                "typography_font_size_tablet": {
                    "unit": "rem",
                    "size": 1.563,
                    "sizes": []
                },
                "typography_font_size_mobile": {
                    "unit": "rem",
                    "size": 1.125,
                    "sizes": []
                },
                "typography_font_weight": "500",
                "typography_text_transform": "uppercase",
                "typography_font_style": "normal",
                "typography_text_decoration": "none",
                "typography_line_height": {
                    "unit": "em",
                    "size": 1.143,
                    "sizes": []
                },
                "typography_letter_spacing": {
                    "unit": "px",
                    "size": 0,
                    "sizes": []
                }
            },
            {
                "_id": "3604d01",
                "title": "Title6",
                "typography_typography": "custom",
                "typography_font_family": "Teko",
                "typography_font_size": {
                    "unit": "rem",
                    "size": 1.563,
                    "sizes": []
                },
                "typography_font_size_tablet": {
                    "unit": "rem",
                    "size": 1.125,
                    "sizes": []
                },
                "typography_font_size_mobile": {
                    "unit": "rem",
                    "size": 1.063,
                    "sizes": []
                },
                "typography_font_weight": "500",
                "typography_text_transform": "none",
                "typography_font_style": "normal",
                "typography_text_decoration": "none",
                "typography_line_height": {
                    "unit": "em",
                    "size": 2.8,
                    "sizes": []
                },
                "typography_letter_spacing": {
                    "unit": "px",
                    "size": 0.6,
                    "sizes": []
                }
            },
            {
                "_id": "064e5d6",
                "title": "Title50",
                "typography_typography": "custom",
                "typography_font_family": "Teko",
                "typography_font_size": {
                    "unit": "rem",
                    "size": 3.125,
                    "sizes": []
                },
                "typography_font_size_tablet": {
                    "unit": "rem",
                    "size": 2.188,
                    "sizes": []
                },
                "typography_font_size_mobile": {
                    "unit": "rem",
                    "size": 1.563,
                    "sizes": []
                },
                "typography_font_weight": "500",
                "typography_text_transform": "uppercase",
                "typography_font_style": "normal",
                "typography_text_decoration": "none",
                "typography_line_height": {
                    "unit": "em",
                    "size": 1,
                    "sizes": []
                },
                "typography_letter_spacing": {
                    "unit": "px",
                    "size": 1,
                    "sizes": []
                }
            },
            {
                "_id": "8979c59",
                "title": "TitleProgressBar25",
                "typography_typography": "custom",
                "typography_font_family": "Teko",
                "typography_font_size": {
                    "unit": "rem",
                    "size": 1.563,
                    "sizes": []
                },
                "typography_font_size_tablet": {
                    "unit": "rem",
                    "size": 1.125,
                    "sizes": []
                },
                "typography_font_size_mobile": {
                    "unit": "rem",
                    "size": 1.063,
                    "sizes": []
                },
                "typography_font_weight": "500",
                "typography_text_transform": "uppercase",
                "typography_font_style": "normal",
                "typography_text_decoration": "none",
                "typography_line_height": {
                    "unit": "em",
                    "size": 2.1,
                    "sizes": []
                },
                "typography_letter_spacing": {
                    "unit": "px",
                    "size": 0,
                    "sizes": []
                }
            },
            {
                "_id": "5829d1e",
                "title": "TitlePrice25",
                "typography_typography": "custom",
                "typography_font_family": "Teko",
                "typography_font_size": {
                    "unit": "rem",
                    "size": 1.563,
                    "sizes": []
                },
                "typography_font_size_tablet": {
                    "unit": "rem",
                    "size": 1.125,
                    "sizes": []
                },
                "typography_font_size_mobile": {
                    "unit": "rem",
                    "size": 1.063,
                    "sizes": []
                },
                "typography_font_weight": "500",
                "typography_text_transform": "none",
                "typography_font_style": "normal",
                "typography_text_decoration": "none",
                "typography_line_height": {
                    "unit": "em",
                    "size": 1.12,
                    "sizes": []
                },
                "typography_letter_spacing": {
                    "unit": "px",
                    "size": 0.6,
                    "sizes": []
                }
            },
            {
                "_id": "98b35ad",
                "title": "Navigation",
                "typography_typography": "custom",
                "typography_font_family": "Montserrat",
                "typography_font_size": {
                    "unit": "rem",
                    "size": 1.063,
                    "sizes": []
                },
                "typography_font_size_tablet": {
                    "unit": "rem",
                    "size": 1,
                    "sizes": []
                },
                "typography_font_size_mobile": {
                    "unit": "rem",
                    "size": 0.938,
                    "sizes": []
                },
                "typography_font_weight": "400",
                "typography_text_transform": "none",
                "typography_font_style": "normal",
                "typography_text_decoration": "none",
                "typography_line_height": {
                    "unit": "em",
                    "size": 1.176,
                    "sizes": []
                },
                "typography_letter_spacing": {
                    "unit": "px",
                    "size": 0,
                    "sizes": []
                }
            },
            {
                "_id": "cc45a2c",
                "title": "ButtomBig16",
                "typography_typography": "custom",
                "typography_font_family": "Montserrat",
                "typography_font_size": {
                    "unit": "rem",
                    "size": 1,
                    "sizes": []
                },
                "typography_font_size_tablet": {
                    "unit": "rem",
                    "size": 0.938,
                    "sizes": []
                },
                "typography_font_size_mobile": {
                    "unit": "rem",
                    "size": 0.875,
                    "sizes": []
                },
                "typography_font_weight": "500",
                "typography_text_transform": "uppercase",
                "typography_font_style": "normal",
                "typography_text_decoration": "none",
                "typography_line_height": {
                    "unit": "em",
                    "size": 2,
                    "sizes": []
                },
                "typography_letter_spacing": {
                    "unit": "px",
                    "size": 0,
                    "sizes": []
                }
            },
            {
                "_id": "e8d2aae",
                "title": "404",
                "typography_typography": "custom",
                "typography_font_family": "Teko",
                "typography_font_size": {
                    "unit": "rem",
                    "size": 22.5,
                    "sizes": []
                },
                "typography_font_size_tablet": {
                    "unit": "rem",
                    "size": 12.5,
                    "sizes": []
                },
                "typography_font_size_mobile": {
                    "unit": "rem",
                    "size": 6.25,
                    "sizes": []
                },
                "typography_font_weight": "600",
                "typography_text_transform": "none",
                "typography_font_style": "normal",
                "typography_text_decoration": "none",
                "typography_line_height": {
                    "unit": "em",
                    "size": 0.5,
                    "sizes": []
                },
                "typography_letter_spacing": {
                    "unit": "px",
                    "size": 0,
                    "sizes": []
                }
            },
            {
                "_id": "2575397",
                "title": "Title50Capital",
                "typography_typography": "custom",
                "typography_font_family": "Teko",
                "typography_font_size": {
                    "unit": "rem",
                    "size": 3.125,
                    "sizes": []
                },
                "typography_font_size_tablet": {
                    "unit": "rem",
                    "size": 2.188,
                    "sizes": []
                },
                "typography_font_size_mobile": {
                    "unit": "rem",
                    "size": 1.563,
                    "sizes": []
                },
                "typography_font_weight": "500",
                "typography_text_transform": "capitalize",
                "typography_font_style": "normal",
                "typography_text_decoration": "none",
                "typography_line_height": {
                    "unit": "em",
                    "size": 1,
                    "sizes": []
                },
                "typography_letter_spacing": {
                    "unit": "px",
                    "size": 1,
                    "sizes": []
                }
            }
        ],
        "default_generic_fonts": "Sans-serif",
        "container_width": {
            "unit": "px",
            "size": 1170,
            "sizes": []
        },
        "space_between_widgets": {
            "unit": "px",
            "size": 0,
            "sizes": []
        },
        "page_title_selector": "h1.entry-title",
        "default_page_template": "elementor_header_footer",
        "viewport_md": 768,
        "viewport_lg": 1025,
        "activeItemIndex": 12,
        "button_background_color": "#02010100",
        "button_border_border": "solid",
        "button_border_width": {
            "unit": "px",
            "top": "5",
            "right": "5",
            "bottom": "5",
            "left": "5",
            "isLinked": false
        },
        "button_padding": {
            "unit": "em",
            "top": "2",
            "right": "3",
            "bottom": "2",
            "left": "3",
            "isLinked": false
        },
        "__globals__": {
            "body_color": "globals\/colors?id=text",
            "body_typography_typography": "globals\/typography?id=text",
            "link_normal_color": "globals\/colors?id=a52dc85",
            "link_hover_color": "globals\/colors?id=096301e",
            "h1_color": "globals\/colors?id=096301e",
            "h1_typography_typography": "globals\/typography?id=fc80743",
            "h2_color": "globals\/colors?id=096301e",
            "h2_typography_typography": "globals\/typography?id=120779a",
            "h3_color": "globals\/colors?id=096301e",
            "h3_typography_typography": "globals\/typography?id=7d3be95",
            "h4_color": "globals\/colors?id=096301e",
            "h4_typography_typography": "globals\/typography?id=05d402a",
            "h5_color": "globals\/colors?id=096301e",
            "h5_typography_typography": "globals\/typography?id=931fb92",
            "h6_color": "globals\/colors?id=096301e",
            "h6_typography_typography": "globals\/typography?id=3604d01",
            "button_typography_typography": "globals\/typography?id=accent",
            "button_text_color": "globals\/colors?id=096301e",
            "button_border_color": "globals\/colors?id=a52dc85",
            "button_hover_background_color": "globals\/colors?id=a52dc85",
            "form_label_color": "globals\/colors?id=096301e",
            "form_label_typography_typography": "globals\/typography?id=text",
            "form_field_typography_typography": "globals\/typography?id=accent",
            "form_field_text_color": "globals\/colors?id=096301e",
            "form_field_focus_text_color": "globals\/colors?id=096301e",
            "form_field_border_color": "globals\/colors?id=542a5ad"
        },
        "button_border_width_tablet": {
            "unit": "px",
            "top": "3",
            "right": "3",
            "bottom": "3",
            "left": "3",
            "isLinked": true
        },
        "button_border_width_mobile": {
            "unit": "px",
            "top": "2",
            "right": "2",
            "bottom": "2",
            "left": "2",
            "isLinked": true
        },
        "button_padding_tablet": {
            "unit": "em",
            "top": "1.5",
            "right": "2.5",
            "bottom": "1.5",
            "left": "2.5",
            "isLinked": false
        },
        "button_padding_mobile": {
            "unit": "em",
            "top": "1",
            "right": "2",
            "bottom": "1",
            "left": "2",
            "isLinked": false
        },
        "form_field_background_color": "#02010100",
        "form_field_border_border": "solid",
        "form_field_border_width": {
            "unit": "px",
            "top": "5",
            "right": "5",
            "bottom": "5",
            "left": "5",
            "isLinked": true
        },
        "form_field_focus_background_color": "#02010100",
        "form_field_padding": {
            "unit": "px",
            "top": "27",
            "right": "30",
            "bottom": "26",
            "left": "44",
            "isLinked": false
        },
        "form_field_border_width_tablet": {
            "unit": "px",
            "top": "3",
            "right": "3",
            "bottom": "3",
            "left": "3",
            "isLinked": true
        },
        "form_field_padding_tablet": {
            "unit": "px",
            "top": "18",
            "right": "25",
            "bottom": "18",
            "left": "34",
            "isLinked": false
        }
    }
}