{
    "version": "0.4",
    "title": "Main Header",
    "type": "header",
    "metadata": {
        "template_type": "section-header",
        "include_in_zip": "1",
        "elementor_pro_required": "1",
        "elementor_library_type": "header",
        "elementor_pro_conditions": [
            "include\/general"
        ],
        "additional_template_information": [
            "This is a \"Header\" template for Elementor Pro.",
            "This template will display on: Entire Site."
        ],
        "wp_page_template": "default"
    },
    "content": [
        {
            "id": "365c897d",
            "settings": {
                "structure": "20",
                "margin": {
                    "unit": "px",
                    "top": "0",
                    "right": 0,
                    "bottom": "-157",
                    "left": 0,
                    "isLinked": false
                },
                "padding": {
                    "unit": "px",
                    "top": "51",
                    "right": "30",
                    "bottom": "30",
                    "left": "30",
                    "isLinked": false
                },
                "z_index": 1,
                "margin_tablet": {
                    "unit": "px",
                    "top": "0",
                    "right": 0,
                    "bottom": "-130",
                    "left": 0,
                    "isLinked": false
                },
                "padding_tablet": {
                    "unit": "px",
                    "top": "18",
                    "right": "30",
                    "bottom": "18",
                    "left": "30",
                    "isLinked": false
                },
                "__globals__": {
                    "background_color": ""
                },
                "margin_mobile": {
                    "unit": "px",
                    "top": "0",
                    "right": 0,
                    "bottom": "-91",
                    "left": 0,
                    "isLinked": false
                }
            },
            "elements": [
                {
                    "id": "2bf8e6aa",
                    "settings": {
                        "_column_size": 50,
                        "_inline_size": 11.966,
                        "margin": {
                            "unit": "px",
                            "top": "0",
                            "right": "15",
                            "bottom": "0",
                            "left": "0",
                            "isLinked": false
                        },
                        "padding": {
                            "unit": "px",
                            "top": "0",
                            "right": "0",
                            "bottom": "0",
                            "left": "0",
                            "isLinked": false
                        },
                        "content_position_tablet": "center",
                        "_inline_size_mobile": 30
                    },
                    "elements": [
                        {
                            "id": "7dde3817",
                            "settings": {
                                "__dynamic__": {
                                    "image": "[elementor-tag id=\"\" name=\"site-logo\" settings=\"%7B%7D\"]",
                                    "link": "[elementor-tag id=\"\" name=\"site-url\" settings=\"%7B%7D\"]"
                                },
                                "align": "left",
                                "_margin": {
                                    "unit": "px",
                                    "top": "0",
                                    "right": "0",
                                    "bottom": "0",
                                    "left": "0",
                                    "isLinked": false
                                },
                                "_padding": {
                                    "unit": "px",
                                    "top": "0",
                                    "right": "0",
                                    "bottom": "0",
                                    "left": "0",
                                    "isLinked": false
                                },
                                "_animation": "fadeInUp",
                                "animation_duration": "fast",
                                "_animation_delay": 100,
                                "width": {
                                    "unit": "%",
                                    "size": 100,
                                    "sizes": []
                                },
                                "space": {
                                    "unit": "px",
                                    "size": 120,
                                    "sizes": []
                                }
                            },
                            "elements": [],
                            "isInner": false,
                            "widgetType": "theme-site-logo",
                            "elType": "widget"
                        }
                    ],
                    "isInner": false,
                    "elType": "column"
                },
                {
                    "id": "c2f384d",
                    "settings": {
                        "_column_size": 50,
                        "_inline_size": 88.034,
                        "margin": {
                            "unit": "px",
                            "top": "0",
                            "right": "0",
                            "bottom": "0",
                            "left": "15",
                            "isLinked": false
                        },
                        "padding": {
                            "unit": "px",
                            "top": "0",
                            "right": "0",
                            "bottom": "0",
                            "left": "0",
                            "isLinked": false
                        },
                        "align": "flex-end",
                        "content_position": "center",
                        "margin_tablet": {
                            "unit": "px",
                            "top": "0",
                            "right": "0",
                            "bottom": "0",
                            "left": "0",
                            "isLinked": false
                        },
                        "padding_tablet": {
                            "unit": "px",
                            "top": "0",
                            "right": "0",
                            "bottom": "0",
                            "left": "0",
                            "isLinked": false
                        },
                        "_inline_size_mobile": 70
                    },
                    "elements": [
                        {
                            "id": "2d271c34",
                            "settings": {
                                "align_items": "right",
                                "pointer": "none",
                                "indicator": "none",
                                "_margin": {
                                    "unit": "px",
                                    "top": "-4",
                                    "right": "-16",
                                    "bottom": "0",
                                    "left": "0",
                                    "isLinked": false
                                },
                                "_padding": {
                                    "unit": "px",
                                    "top": "0",
                                    "right": "0",
                                    "bottom": "0",
                                    "left": "0",
                                    "isLinked": false
                                },
                                "_element_width": "auto",
                                "menu_space_between": {
                                    "unit": "px",
                                    "size": 7,
                                    "sizes": []
                                },
                                "padding_horizontal_dropdown_item": {
                                    "unit": "px",
                                    "size": 15,
                                    "sizes": []
                                },
                                "padding_vertical_dropdown_item": {
                                    "unit": "px",
                                    "size": 15,
                                    "sizes": []
                                },
                                "__globals__": {
                                    "color_menu_item": "globals\/colors?id=096301e",
                                    "color_menu_item_hover": "globals\/colors?id=a52dc85",
                                    "color_menu_item_active": "globals\/colors?id=a52dc85",
                                    "menu_typography_typography": "globals\/typography?id=98b35ad",
                                    "color_dropdown_item": "globals\/colors?id=096301e",
                                    "background_color_dropdown_item": "globals\/colors?id=2e0839d",
                                    "dropdown_typography_typography": "globals\/typography?id=98b35ad",
                                    "color_dropdown_item_hover": "globals\/colors?id=a52dc85",
                                    "color_dropdown_item_active": "globals\/colors?id=a52dc85",
                                    "toggle_color": "globals\/colors?id=096301e",
                                    "toggle_color_hover": "globals\/colors?id=a52dc85",
                                    "background_color_dropdown_item_hover": "globals\/colors?id=text",
                                    "background_color_dropdown_item_active": "globals\/colors?id=text"
                                },
                                "_animation": "fadeInUp",
                                "animation_duration": "fast",
                                "_animation_delay": 200,
                                "full_width": "stretch",
                                "dropdown_top_distance_tablet": {
                                    "unit": "px",
                                    "size": 7,
                                    "sizes": []
                                },
                                "_margin_tablet": {
                                    "unit": "px",
                                    "top": "0",
                                    "right": "0",
                                    "bottom": "0",
                                    "left": "0",
                                    "isLinked": false
                                },
                                "_padding_tablet": {
                                    "unit": "px",
                                    "top": "0",
                                    "right": "0",
                                    "bottom": "0",
                                    "left": "0",
                                    "isLinked": false
                                },
                                "dropdown_top_distance_mobile": {
                                    "unit": "px",
                                    "size": 19,
                                    "sizes": []
                                },
                                "submenu_icon": {
                                    "value": "",
                                    "library": ""
                                }
                            },
                            "elements": [],
                            "isInner": false,
                            "widgetType": "nav-menu",
                            "elType": "widget"
                        },
                        {
                            "id": "3a7ab7db",
                            "settings": {
                                "show_subtotal": "",
                                "_margin": {
                                    "unit": "px",
                                    "top": "-3",
                                    "right": "-36",
                                    "bottom": "0",
                                    "left": "0",
                                    "isLinked": false
                                },
                                "_padding": {
                                    "unit": "px",
                                    "top": "0",
                                    "right": "0",
                                    "bottom": "0",
                                    "left": "0",
                                    "isLinked": false
                                },
                                "_element_width": "auto",
                                "toggle_button_border_color": "#02010100",
                                "__globals__": {
                                    "items_indicator_text_color": "globals\/colors?id=19bcee6",
                                    "items_indicator_background_color": "globals\/colors?id=c117571",
                                    "toggle_button_background_color": "",
                                    "toggle_button_icon_color": "globals\/colors?id=4d1380c",
                                    "toggle_button_hover_icon_color": "globals\/colors?id=a52dc85"
                                },
                                "alignment": "right",
                                "toggle_icon_size": {
                                    "unit": "px",
                                    "size": 21,
                                    "sizes": []
                                },
                                "toggle_button_hover_background_color": "#02010100",
                                "_animation": "fadeInUp",
                                "animation_duration": "fast",
                                "_animation_delay": 300,
                                "_margin_tablet": {
                                    "unit": "px",
                                    "top": "0",
                                    "right": "0",
                                    "bottom": "0",
                                    "left": "0",
                                    "isLinked": false
                                },
                                "_padding_tablet": {
                                    "unit": "px",
                                    "top": "0",
                                    "right": "0",
                                    "bottom": "0",
                                    "left": "0",
                                    "isLinked": false
                                }
                            },
                            "elements": [],
                            "isInner": false,
                            "widgetType": "woocommerce-menu-cart",
                            "elType": "widget"
                        }
                    ],
                    "isInner": false,
                    "elType": "column"
                }
            ],
            "isInner": false,
            "elType": "section"
        }
    ]
}