{
    "version": "0.4",
    "title": "Single Team",
    "type": "page",
    "metadata": {
        "template_type": "single-page",
        "include_in_zip": "1",
        "elementor_pro_required": "1",
        "wp_page_template": "default"
    },
    "content": [
        {
            "id": "6aee50e3",
            "settings": {
                "overflow": "hidden",
                "margin": {
                    "unit": "px",
                    "top": "0",
                    "right": 0,
                    "bottom": "0",
                    "left": 0,
                    "isLinked": false
                },
                "margin_tablet": {
                    "unit": "px",
                    "top": "0",
                    "right": 0,
                    "bottom": "0",
                    "left": 0,
                    "isLinked": false
                },
                "margin_mobile": {
                    "unit": "px",
                    "top": "0",
                    "right": 0,
                    "bottom": "0",
                    "left": 0,
                    "isLinked": false
                },
                "padding": {
                    "unit": "px",
                    "top": "280",
                    "right": "30",
                    "bottom": "171",
                    "left": "30",
                    "isLinked": false
                },
                "padding_tablet": {
                    "unit": "px",
                    "top": "193",
                    "right": "30",
                    "bottom": "80",
                    "left": "30",
                    "isLinked": false
                },
                "padding_mobile": {
                    "unit": "px",
                    "top": "126",
                    "right": "20",
                    "bottom": "45",
                    "left": "20",
                    "isLinked": false
                },
                "background_background": "classic",
                "__globals__": {
                    "background_color": "globals\/colors?id=b50670e",
                    "background_overlay_color": "globals\/colors?id=4274169"
                },
                "background_image": {
                    "url": "https:\/\/template-kit.ancorathemes.com\/nelson\/wp-content\/uploads\/sites\/21\/2021\/06\/stylish-man-sitting-in-a-barbershop-EYR3SFA.jpg",
                    "id": 78
                },
                "background_position": "center center",
                "background_repeat": "no-repeat",
                "background_size": "cover",
                "background_overlay_background": "classic",
                "background_overlay_opacity": {
                    "unit": "px",
                    "size": 0.45,
                    "sizes": []
                }
            },
            "elements": [
                {
                    "id": "4a724545",
                    "settings": {
                        "_column_size": 100,
                        "_inline_size": null,
                        "margin": {
                            "unit": "px",
                            "top": "0",
                            "right": "0",
                            "bottom": "0",
                            "left": "0",
                            "isLinked": false
                        },
                        "padding": {
                            "unit": "px",
                            "top": "0",
                            "right": "0",
                            "bottom": "0",
                            "left": "0",
                            "isLinked": false
                        },
                        "align": "center",
                        "animation": "fadeInUp",
                        "animation_duration": "fast",
                        "animation_delay": 100
                    },
                    "elements": [
                        {
                            "id": "46846e3c",
                            "settings": {
                                "title": "Adam",
                                "header_size": "h1",
                                "_margin": {
                                    "unit": "px",
                                    "top": "0",
                                    "right": "10",
                                    "bottom": "0",
                                    "left": "0",
                                    "isLinked": false
                                },
                                "_padding": {
                                    "unit": "px",
                                    "top": "0",
                                    "right": "0",
                                    "bottom": "0",
                                    "left": "0",
                                    "isLinked": false
                                },
                                "_element_width": "auto"
                            },
                            "elements": [],
                            "isInner": false,
                            "widgetType": "heading",
                            "elType": "widget"
                        },
                        {
                            "id": "3da13a3a",
                            "settings": {
                                "title": "GROOVER",
                                "header_size": "h1",
                                "_margin": {
                                    "unit": "px",
                                    "top": "0",
                                    "right": "0",
                                    "bottom": "0",
                                    "left": "0",
                                    "isLinked": false
                                },
                                "_padding": {
                                    "unit": "px",
                                    "top": "0",
                                    "right": "0",
                                    "bottom": "0",
                                    "left": "0",
                                    "isLinked": false
                                },
                                "_element_width": "auto",
                                "__globals__": {
                                    "title_color": "globals\/colors?id=a52dc85"
                                }
                            },
                            "elements": [],
                            "isInner": false,
                            "widgetType": "heading",
                            "elType": "widget"
                        }
                    ],
                    "isInner": false,
                    "elType": "column"
                }
            ],
            "isInner": false,
            "elType": "section"
        },
        {
            "id": "a875b2",
            "settings": {
                "overflow": "hidden",
                "margin": {
                    "unit": "px",
                    "top": "-1",
                    "right": 0,
                    "bottom": "0",
                    "left": 0,
                    "isLinked": false
                },
                "margin_tablet": {
                    "unit": "px",
                    "top": "-1",
                    "right": 0,
                    "bottom": "0",
                    "left": 0,
                    "isLinked": false
                },
                "margin_mobile": {
                    "unit": "px",
                    "top": "-1",
                    "right": 0,
                    "bottom": "0",
                    "left": 0,
                    "isLinked": false
                },
                "padding": {
                    "unit": "px",
                    "top": "120",
                    "right": "30",
                    "bottom": "120",
                    "left": "30",
                    "isLinked": false
                },
                "padding_tablet": {
                    "unit": "px",
                    "top": "94",
                    "right": "30",
                    "bottom": "99",
                    "left": "30",
                    "isLinked": false
                },
                "padding_mobile": {
                    "unit": "px",
                    "top": "49",
                    "right": "20",
                    "bottom": "59",
                    "left": "20",
                    "isLinked": false
                },
                "background_background": "classic",
                "__globals__": {
                    "background_color": "globals\/colors?id=b50670e"
                },
                "background_overlay_background": "classic",
                "background_overlay_image": {
                    "url": "https:\/\/template-kit.ancorathemes.com\/nelson\/wp-content\/uploads\/sites\/21\/2021\/06\/bg6.png",
                    "id": 1403
                },
                "background_overlay_position": "initial",
                "background_overlay_repeat": "no-repeat",
                "background_overlay_size": "initial",
                "background_overlay_bg_width": {
                    "unit": "%",
                    "size": 18,
                    "sizes": []
                },
                "background_overlay_xpos": {
                    "unit": "%",
                    "size": 102,
                    "sizes": []
                },
                "background_overlay_ypos": {
                    "unit": "%",
                    "size": 102,
                    "sizes": []
                },
                "background_overlay_opacity": {
                    "unit": "px",
                    "size": 0.11,
                    "sizes": []
                }
            },
            "elements": [
                {
                    "id": "11bb6d69",
                    "settings": {
                        "_column_size": 100,
                        "_inline_size": null,
                        "margin": {
                            "unit": "px",
                            "top": "0",
                            "right": "0",
                            "bottom": "0",
                            "left": "0",
                            "isLinked": false
                        },
                        "padding": {
                            "unit": "px",
                            "top": "0",
                            "right": "0",
                            "bottom": "0",
                            "left": "0",
                            "isLinked": false
                        }
                    },
                    "elements": [
                        {
                            "id": "ad55a52",
                            "settings": {
                                "structure": "20",
                                "margin": {
                                    "unit": "px",
                                    "top": "0",
                                    "right": 0,
                                    "bottom": "0",
                                    "left": 0,
                                    "isLinked": false
                                },
                                "padding": {
                                    "unit": "px",
                                    "top": "0",
                                    "right": "0",
                                    "bottom": "0",
                                    "left": "0",
                                    "isLinked": false
                                }
                            },
                            "elements": [
                                {
                                    "id": "14c72fba",
                                    "settings": {
                                        "_column_size": 50,
                                        "_inline_size": 40,
                                        "margin": {
                                            "unit": "px",
                                            "top": "0",
                                            "right": "15",
                                            "bottom": "0",
                                            "left": "0",
                                            "isLinked": false
                                        },
                                        "padding": {
                                            "unit": "px",
                                            "top": "0",
                                            "right": "0",
                                            "bottom": "0",
                                            "left": "0",
                                            "isLinked": false
                                        },
                                        "content_position_tablet": "center",
                                        "margin_mobile": {
                                            "unit": "px",
                                            "top": "0",
                                            "right": "0",
                                            "bottom": "0",
                                            "left": "0",
                                            "isLinked": false
                                        },
                                        "padding_mobile": {
                                            "unit": "px",
                                            "top": "0",
                                            "right": "0",
                                            "bottom": "0",
                                            "left": "0",
                                            "isLinked": false
                                        },
                                        "align": "flex-start",
                                        "content_position": "center"
                                    },
                                    "elements": [
                                        {
                                            "id": "761b9350",
                                            "settings": {
                                                "image": {
                                                    "url": "https:\/\/template-kit.ancorathemes.com\/nelson\/wp-content\/uploads\/sites\/21\/2021\/06\/4owner-of-barbershop-SH5TJPUx-1.jpg",
                                                    "id": 2605
                                                },
                                                "image_size": "custom",
                                                "image_custom_dimension": {
                                                    "width": "430",
                                                    "height": "590"
                                                },
                                                "width": {
                                                    "unit": "%",
                                                    "size": 100,
                                                    "sizes": []
                                                },
                                                "space": {
                                                    "unit": "px",
                                                    "size": 430,
                                                    "sizes": []
                                                },
                                                "_margin": {
                                                    "unit": "px",
                                                    "top": "0",
                                                    "right": "0",
                                                    "bottom": "0",
                                                    "left": "0",
                                                    "isLinked": false
                                                },
                                                "_padding": {
                                                    "unit": "px",
                                                    "top": "0",
                                                    "right": "0",
                                                    "bottom": "0",
                                                    "left": "0",
                                                    "isLinked": false
                                                },
                                                "_animation": "fadeInUp",
                                                "animation_duration": "fast",
                                                "_animation_delay": 100,
                                                "align": "left"
                                            },
                                            "elements": [],
                                            "isInner": false,
                                            "widgetType": "image",
                                            "elType": "widget"
                                        }
                                    ],
                                    "isInner": true,
                                    "elType": "column"
                                },
                                {
                                    "id": "7aba0c92",
                                    "settings": {
                                        "_column_size": 50,
                                        "_inline_size": 60,
                                        "margin": {
                                            "unit": "px",
                                            "top": "-5",
                                            "right": "0",
                                            "bottom": "0",
                                            "left": "33",
                                            "isLinked": false
                                        },
                                        "padding": {
                                            "unit": "px",
                                            "top": "0",
                                            "right": "0",
                                            "bottom": "0",
                                            "left": "0",
                                            "isLinked": false
                                        },
                                        "margin_tablet": {
                                            "unit": "px",
                                            "top": "0",
                                            "right": "0",
                                            "bottom": "0",
                                            "left": "15",
                                            "isLinked": false
                                        },
                                        "margin_mobile": {
                                            "unit": "px",
                                            "top": "25",
                                            "right": "0",
                                            "bottom": "0",
                                            "left": "0",
                                            "isLinked": false
                                        },
                                        "padding_tablet": {
                                            "unit": "px",
                                            "top": "0",
                                            "right": "0",
                                            "bottom": "0",
                                            "left": "0",
                                            "isLinked": false
                                        },
                                        "padding_mobile": {
                                            "unit": "px",
                                            "top": "0",
                                            "right": "0",
                                            "bottom": "0",
                                            "left": "0",
                                            "isLinked": false
                                        }
                                    },
                                    "elements": [
                                        {
                                            "id": "644830c3",
                                            "settings": {
                                                "title": "STYLIST ",
                                                "_margin": {
                                                    "unit": "px",
                                                    "top": "0",
                                                    "right": "0",
                                                    "bottom": "0",
                                                    "left": "0",
                                                    "isLinked": false
                                                },
                                                "_padding": {
                                                    "unit": "px",
                                                    "top": "0",
                                                    "right": "0",
                                                    "bottom": "0",
                                                    "left": "0",
                                                    "isLinked": false
                                                },
                                                "_animation": "fadeInUp",
                                                "animation_duration": "fast",
                                                "_animation_delay": 100,
                                                "header_size": "div",
                                                "__globals__": {
                                                    "title_color": "globals\/colors?id=096301e",
                                                    "typography_typography": "globals\/typography?id=064e5d6"
                                                }
                                            },
                                            "elements": [],
                                            "isInner": false,
                                            "widgetType": "heading",
                                            "elType": "widget"
                                        },
                                        {
                                            "id": "268febf8",
                                            "settings": {
                                                "editor": "+1 234 567 89 90",
                                                "_margin": {
                                                    "unit": "px",
                                                    "top": "23",
                                                    "right": "0",
                                                    "bottom": "0",
                                                    "left": "0",
                                                    "isLinked": false
                                                },
                                                "_padding": {
                                                    "unit": "px",
                                                    "top": "0",
                                                    "right": "0",
                                                    "bottom": "0",
                                                    "left": "0",
                                                    "isLinked": false
                                                },
                                                "_animation": "fadeInUp",
                                                "animation_duration": "fast",
                                                "_animation_delay": 200,
                                                "__globals__": {
                                                    "text_color": "globals\/colors?id=4d1380c",
                                                    "typography_typography": "globals\/typography?id=7c91efa"
                                                },
                                                "_margin_tablet": {
                                                    "unit": "px",
                                                    "top": "16",
                                                    "right": "0",
                                                    "bottom": "0",
                                                    "left": "0",
                                                    "isLinked": false
                                                },
                                                "_margin_mobile": {
                                                    "unit": "px",
                                                    "top": "14",
                                                    "right": "0",
                                                    "bottom": "0",
                                                    "left": "0",
                                                    "isLinked": false
                                                },
                                                "_padding_tablet": {
                                                    "unit": "px",
                                                    "top": "0",
                                                    "right": "0",
                                                    "bottom": "0",
                                                    "left": "0",
                                                    "isLinked": false
                                                },
                                                "_padding_mobile": {
                                                    "unit": "px",
                                                    "top": "0",
                                                    "right": "0",
                                                    "bottom": "0",
                                                    "left": "0",
                                                    "isLinked": false
                                                }
                                            },
                                            "elements": [],
                                            "isInner": false,
                                            "widgetType": "text-editor",
                                            "elType": "widget"
                                        },
                                        {
                                            "id": "a8288b8",
                                            "settings": {
                                                "editor": "examplesite@info.com",
                                                "_margin": {
                                                    "unit": "px",
                                                    "top": "0",
                                                    "right": "0",
                                                    "bottom": "0",
                                                    "left": "0",
                                                    "isLinked": false
                                                },
                                                "_padding": {
                                                    "unit": "px",
                                                    "top": "0",
                                                    "right": "0",
                                                    "bottom": "0",
                                                    "left": "0",
                                                    "isLinked": false
                                                },
                                                "_animation": "fadeInUp",
                                                "animation_duration": "fast",
                                                "_animation_delay": 300,
                                                "__globals__": {
                                                    "text_color": "globals\/colors?id=4d1380c",
                                                    "typography_typography": "globals\/typography?id=7c91efa"
                                                },
                                                "_margin_tablet": {
                                                    "unit": "px",
                                                    "top": "-2",
                                                    "right": "0",
                                                    "bottom": "0",
                                                    "left": "0",
                                                    "isLinked": false
                                                },
                                                "_margin_mobile": {
                                                    "unit": "px",
                                                    "top": "-1",
                                                    "right": "0",
                                                    "bottom": "0",
                                                    "left": "0",
                                                    "isLinked": false
                                                },
                                                "_padding_tablet": {
                                                    "unit": "px",
                                                    "top": "0",
                                                    "right": "0",
                                                    "bottom": "0",
                                                    "left": "0",
                                                    "isLinked": false
                                                },
                                                "_padding_mobile": {
                                                    "unit": "px",
                                                    "top": "0",
                                                    "right": "0",
                                                    "bottom": "0",
                                                    "left": "0",
                                                    "isLinked": false
                                                }
                                            },
                                            "elements": [],
                                            "isInner": false,
                                            "widgetType": "text-editor",
                                            "elType": "widget"
                                        },
                                        {
                                            "id": "4d543fa7",
                                            "settings": {
                                                "editor": "123, Main Street, Paris, France",
                                                "_margin": {
                                                    "unit": "px",
                                                    "top": "0",
                                                    "right": "0",
                                                    "bottom": "0",
                                                    "left": "0",
                                                    "isLinked": false
                                                },
                                                "_padding": {
                                                    "unit": "px",
                                                    "top": "0",
                                                    "right": "0",
                                                    "bottom": "0",
                                                    "left": "0",
                                                    "isLinked": false
                                                },
                                                "_animation": "fadeInUp",
                                                "animation_duration": "fast",
                                                "_animation_delay": 400,
                                                "__globals__": {
                                                    "text_color": "globals\/colors?id=4d1380c",
                                                    "typography_typography": "globals\/typography?id=7c91efa"
                                                },
                                                "_margin_tablet": {
                                                    "unit": "px",
                                                    "top": "-2",
                                                    "right": "0",
                                                    "bottom": "0",
                                                    "left": "0",
                                                    "isLinked": false
                                                },
                                                "_margin_mobile": {
                                                    "unit": "px",
                                                    "top": "-1",
                                                    "right": "0",
                                                    "bottom": "0",
                                                    "left": "0",
                                                    "isLinked": false
                                                },
                                                "_padding_tablet": {
                                                    "unit": "px",
                                                    "top": "0",
                                                    "right": "0",
                                                    "bottom": "0",
                                                    "left": "0",
                                                    "isLinked": false
                                                },
                                                "_padding_mobile": {
                                                    "unit": "px",
                                                    "top": "0",
                                                    "right": "0",
                                                    "bottom": "0",
                                                    "left": "0",
                                                    "isLinked": false
                                                }
                                            },
                                            "elements": [],
                                            "isInner": false,
                                            "widgetType": "text-editor",
                                            "elType": "widget"
                                        },
                                        {
                                            "id": "3e7e2980",
                                            "settings": {
                                                "editor": "Sed ut perspiciatis unde omnis iste natus error sit voluptatem accusantium doloremque laudantium, totam rem aperiam, eaque ipsa quae ab illo inventore veritatis et quasi architecto beatae vitae dicta sunt explicabo. Nemo enim ipsam voluptatem quia voluptas sit aspernatur aut odit aut fugit.",
                                                "align": "left",
                                                "_margin": {
                                                    "unit": "px",
                                                    "top": "43",
                                                    "right": "0",
                                                    "bottom": "0",
                                                    "left": "0",
                                                    "isLinked": false
                                                },
                                                "_padding": {
                                                    "unit": "px",
                                                    "top": "0",
                                                    "right": "0",
                                                    "bottom": "0",
                                                    "left": "0",
                                                    "isLinked": false
                                                },
                                                "__globals__": {
                                                    "text_color": "globals\/colors?id=c97ee40",
                                                    "typography_typography": "globals\/typography?id=7c91efa"
                                                },
                                                "_element_custom_width": {
                                                    "unit": "px",
                                                    "size": 358,
                                                    "sizes": []
                                                },
                                                "_animation": "fadeInUp",
                                                "animation_duration": "fast",
                                                "_animation_delay": 500,
                                                "_margin_tablet": {
                                                    "unit": "px",
                                                    "top": "33",
                                                    "right": "0",
                                                    "bottom": "0",
                                                    "left": "0",
                                                    "isLinked": false
                                                },
                                                "_padding_tablet": {
                                                    "unit": "px",
                                                    "top": "0",
                                                    "right": "0",
                                                    "bottom": "0",
                                                    "left": "0",
                                                    "isLinked": false
                                                },
                                                "_margin_mobile": {
                                                    "unit": "px",
                                                    "top": "28",
                                                    "right": "0",
                                                    "bottom": "0",
                                                    "left": "0",
                                                    "isLinked": false
                                                },
                                                "_padding_mobile": {
                                                    "unit": "px",
                                                    "top": "0",
                                                    "right": "0",
                                                    "bottom": "0",
                                                    "left": "0",
                                                    "isLinked": false
                                                },
                                                "_element_width_tablet": "inherit"
                                            },
                                            "elements": [],
                                            "isInner": false,
                                            "widgetType": "text-editor",
                                            "elType": "widget"
                                        },
                                        {
                                            "id": "1650a9c3",
                                            "settings": {
                                                "editor": "Neque porro quisquam est, qui dolorem ipsum quia dolor sit amet, consectetur, adipisci velit, sed quia non numquam eius modi tempora incidunt ut labore et dolore magnam aliquam quaerat voluptatem.",
                                                "align": "left",
                                                "_margin": {
                                                    "unit": "px",
                                                    "top": "28",
                                                    "right": "0",
                                                    "bottom": "0",
                                                    "left": "0",
                                                    "isLinked": false
                                                },
                                                "_padding": {
                                                    "unit": "px",
                                                    "top": "0",
                                                    "right": "0",
                                                    "bottom": "0",
                                                    "left": "0",
                                                    "isLinked": false
                                                },
                                                "__globals__": {
                                                    "text_color": "globals\/colors?id=c97ee40",
                                                    "typography_typography": "globals\/typography?id=7c91efa"
                                                },
                                                "_element_custom_width": {
                                                    "unit": "px",
                                                    "size": 400,
                                                    "sizes": []
                                                },
                                                "_animation": "fadeInUp",
                                                "animation_duration": "fast",
                                                "_animation_delay": 600,
                                                "_margin_tablet": {
                                                    "unit": "px",
                                                    "top": "23",
                                                    "right": "0",
                                                    "bottom": "0",
                                                    "left": "0",
                                                    "isLinked": false
                                                },
                                                "_padding_tablet": {
                                                    "unit": "px",
                                                    "top": "0",
                                                    "right": "0",
                                                    "bottom": "0",
                                                    "left": "0",
                                                    "isLinked": false
                                                },
                                                "_margin_mobile": {
                                                    "unit": "px",
                                                    "top": "19",
                                                    "right": "0",
                                                    "bottom": "0",
                                                    "left": "0",
                                                    "isLinked": false
                                                },
                                                "_padding_mobile": {
                                                    "unit": "px",
                                                    "top": "0",
                                                    "right": "0",
                                                    "bottom": "0",
                                                    "left": "0",
                                                    "isLinked": false
                                                },
                                                "_element_width_tablet": "inherit"
                                            },
                                            "elements": [],
                                            "isInner": false,
                                            "widgetType": "text-editor",
                                            "elType": "widget"
                                        },
                                        {
                                            "id": "41d8c058",
                                            "settings": {
                                                "social_icon_list": [
                                                    {
                                                        "social_icon": {
                                                            "value": "fab fa-facebook-f",
                                                            "library": "fa-brands"
                                                        },
                                                        "_id": "65035d9"
                                                    },
                                                    {
                                                        "social_icon": {
                                                            "value": "fab fa-twitter",
                                                            "library": "fa-brands"
                                                        },
                                                        "_id": "53cb57c"
                                                    },
                                                    {
                                                        "social_icon": {
                                                            "value": "fab fa-dribbble",
                                                            "library": "fa-brands"
                                                        },
                                                        "_id": "ad8b2fb"
                                                    },
                                                    {
                                                        "social_icon": {
                                                            "value": "icon icon-instagram-1",
                                                            "library": "ekiticons"
                                                        },
                                                        "_id": "02cec66"
                                                    }
                                                ],
                                                "shape": "square",
                                                "align": "left",
                                                "icon_color": "custom",
                                                "icon_primary_color": "#96885F00",
                                                "icon_size": {
                                                    "unit": "px",
                                                    "size": 16,
                                                    "sizes": []
                                                },
                                                "icon_padding": {
                                                    "unit": "em",
                                                    "size": 1.3,
                                                    "sizes": []
                                                },
                                                "icon_spacing": {
                                                    "unit": "px",
                                                    "size": 24,
                                                    "sizes": []
                                                },
                                                "image_border_border": "solid",
                                                "image_border_width": {
                                                    "unit": "px",
                                                    "top": "5",
                                                    "right": "5",
                                                    "bottom": "5",
                                                    "left": "5",
                                                    "isLinked": true
                                                },
                                                "border_radius": {
                                                    "unit": "%",
                                                    "top": "7",
                                                    "right": "7",
                                                    "bottom": "7",
                                                    "left": "7",
                                                    "isLinked": true
                                                },
                                                "_margin": {
                                                    "unit": "px",
                                                    "top": "53",
                                                    "right": "0",
                                                    "bottom": "0",
                                                    "left": "0",
                                                    "isLinked": false
                                                },
                                                "_padding": {
                                                    "unit": "px",
                                                    "top": "0",
                                                    "right": "0",
                                                    "bottom": "0",
                                                    "left": "0",
                                                    "isLinked": false
                                                },
                                                "__globals__": {
                                                    "icon_primary_color": "",
                                                    "icon_secondary_color": "globals\/colors?id=096301e",
                                                    "image_border_color": "globals\/colors?id=a52dc85"
                                                },
                                                "icon_size_mobile": {
                                                    "unit": "px",
                                                    "size": 13,
                                                    "sizes": []
                                                },
                                                "icon_padding_mobile": {
                                                    "unit": "em",
                                                    "size": 1.1,
                                                    "sizes": []
                                                },
                                                "icon_spacing_mobile": {
                                                    "unit": "px",
                                                    "size": 18,
                                                    "sizes": []
                                                },
                                                "_margin_tablet": {
                                                    "unit": "px",
                                                    "top": "40",
                                                    "right": "0",
                                                    "bottom": "0",
                                                    "left": "0",
                                                    "isLinked": false
                                                },
                                                "_margin_mobile": {
                                                    "unit": "px",
                                                    "top": "31",
                                                    "right": "0",
                                                    "bottom": "0",
                                                    "left": "0",
                                                    "isLinked": false
                                                },
                                                "_padding_tablet": {
                                                    "unit": "px",
                                                    "top": "0",
                                                    "right": "0",
                                                    "bottom": "0",
                                                    "left": "0",
                                                    "isLinked": false
                                                },
                                                "_padding_mobile": {
                                                    "unit": "px",
                                                    "top": "0",
                                                    "right": "0",
                                                    "bottom": "0",
                                                    "left": "0",
                                                    "isLinked": false
                                                },
                                                "_animation": "fadeInUp",
                                                "animation_duration": "fast",
                                                "_animation_delay": 700
                                            },
                                            "elements": [],
                                            "isInner": false,
                                            "widgetType": "social-icons",
                                            "elType": "widget"
                                        }
                                    ],
                                    "isInner": true,
                                    "elType": "column"
                                }
                            ],
                            "isInner": true,
                            "elType": "section"
                        }
                    ],
                    "isInner": false,
                    "elType": "column"
                }
            ],
            "isInner": false,
            "elType": "section"
        },
        {
            "id": "494ea60b",
            "settings": {
                "overflow": "hidden",
                "margin": {
                    "unit": "px",
                    "top": "-1",
                    "right": 0,
                    "bottom": "0",
                    "left": 0,
                    "isLinked": false
                },
                "margin_tablet": {
                    "unit": "px",
                    "top": "-1",
                    "right": 0,
                    "bottom": "0",
                    "left": 0,
                    "isLinked": false
                },
                "margin_mobile": {
                    "unit": "px",
                    "top": "-1",
                    "right": 0,
                    "bottom": "0",
                    "left": 0,
                    "isLinked": false
                },
                "padding": {
                    "unit": "px",
                    "top": "0",
                    "right": "0",
                    "bottom": "0",
                    "left": "0",
                    "isLinked": false
                },
                "padding_tablet": {
                    "unit": "px",
                    "top": "0",
                    "right": "0",
                    "bottom": "0",
                    "left": "0",
                    "isLinked": false
                },
                "padding_mobile": {
                    "unit": "px",
                    "top": "0",
                    "right": "0",
                    "bottom": "0",
                    "left": "0",
                    "isLinked": false
                },
                "background_background": "classic",
                "__globals__": {
                    "background_color": "globals\/colors?id=b50670e"
                },
                "layout": "full_width"
            },
            "elements": [
                {
                    "id": "14393d3f",
                    "settings": {
                        "_column_size": 100,
                        "_inline_size": null,
                        "margin": {
                            "unit": "px",
                            "top": "0",
                            "right": "0",
                            "bottom": "0",
                            "left": "0",
                            "isLinked": false
                        },
                        "padding": {
                            "unit": "px",
                            "top": "0",
                            "right": "0",
                            "bottom": "0",
                            "left": "0",
                            "isLinked": false
                        },
                        "margin_tablet": {
                            "unit": "px",
                            "top": "0",
                            "right": "0",
                            "bottom": "0",
                            "left": "0",
                            "isLinked": false
                        },
                        "padding_tablet": {
                            "unit": "px",
                            "top": "0",
                            "right": "0",
                            "bottom": "0",
                            "left": "0",
                            "isLinked": false
                        }
                    },
                    "elements": [
                        {
                            "id": "1209d154",
                            "settings": {
                                "carousel": [
                                    {
                                        "id": 1969,
                                        "url": "https:\/\/template-kit.ancorathemes.com\/nelson\/wp-content\/uploads\/sites\/21\/2021\/06\/young-man-at-the-barbershop-R8325N8.jpg"
                                    },
                                    {
                                        "id": 1850,
                                        "url": "https:\/\/template-kit.ancorathemes.com\/nelson\/wp-content\/uploads\/sites\/21\/2021\/06\/barbershop-theme-9BPEKSB.jpg"
                                    },
                                    {
                                        "id": 1968,
                                        "url": "https:\/\/template-kit.ancorathemes.com\/nelson\/wp-content\/uploads\/sites\/21\/2021\/06\/barbershop-theme-D2GH38E.jpg"
                                    },
                                    {
                                        "id": 1967,
                                        "url": "https:\/\/template-kit.ancorathemes.com\/nelson\/wp-content\/uploads\/sites\/21\/2021\/06\/barbershop-theme-5REUXF2.jpg"
                                    }
                                ],
                                "thumbnail_size": "custom",
                                "thumbnail_custom_dimension": {
                                    "width": "960",
                                    "height": "960"
                                },
                                "slides_to_show": "4",
                                "slides_to_scroll": "4",
                                "navigation": "none",
                                "__globals__": {
                                    "dots_color": "globals\/colors?id=c117571",
                                    "arrows_color": "globals\/colors?id=c117571"
                                },
                                "slides_to_show_tablet": "3",
                                "_margin": {
                                    "unit": "px",
                                    "top": "0",
                                    "right": "0",
                                    "bottom": "0",
                                    "left": "0",
                                    "isLinked": false
                                },
                                "_padding": {
                                    "unit": "px",
                                    "top": "0",
                                    "right": "0",
                                    "bottom": "0",
                                    "left": "0",
                                    "isLinked": false
                                },
                                "_animation": "fadeIn",
                                "_margin_tablet": {
                                    "unit": "px",
                                    "top": "0",
                                    "right": "0",
                                    "bottom": "0",
                                    "left": "0",
                                    "isLinked": false
                                },
                                "_padding_tablet": {
                                    "unit": "px",
                                    "top": "0",
                                    "right": "0",
                                    "bottom": "0",
                                    "left": "0",
                                    "isLinked": false
                                }
                            },
                            "elements": [],
                            "isInner": false,
                            "widgetType": "image-carousel",
                            "elType": "widget"
                        }
                    ],
                    "isInner": false,
                    "elType": "column"
                }
            ],
            "isInner": false,
            "elType": "section"
        },
        {
            "id": "56a9d5ce",
            "settings": {
                "overflow": "hidden",
                "margin": {
                    "unit": "px",
                    "top": "-1",
                    "right": 0,
                    "bottom": "0",
                    "left": 0,
                    "isLinked": false
                },
                "margin_tablet": {
                    "unit": "px",
                    "top": "-1",
                    "right": 0,
                    "bottom": "0",
                    "left": 0,
                    "isLinked": false
                },
                "margin_mobile": {
                    "unit": "px",
                    "top": "-1",
                    "right": 0,
                    "bottom": "0",
                    "left": 0,
                    "isLinked": false
                },
                "padding": {
                    "unit": "px",
                    "top": "103",
                    "right": "30",
                    "bottom": "0",
                    "left": "30",
                    "isLinked": false
                },
                "padding_tablet": {
                    "unit": "px",
                    "top": "85",
                    "right": "30",
                    "bottom": "0",
                    "left": "30",
                    "isLinked": false
                },
                "padding_mobile": {
                    "unit": "px",
                    "top": "56",
                    "right": "20",
                    "bottom": "0",
                    "left": "20",
                    "isLinked": false
                },
                "background_background": "classic",
                "__globals__": {
                    "background_color": "globals\/colors?id=b50670e"
                }
            },
            "elements": [
                {
                    "id": "561db553",
                    "settings": {
                        "_column_size": 100,
                        "_inline_size": null,
                        "margin": {
                            "unit": "px",
                            "top": "0",
                            "right": "0",
                            "bottom": "0",
                            "left": "0",
                            "isLinked": false
                        },
                        "padding": {
                            "unit": "px",
                            "top": "0",
                            "right": "0",
                            "bottom": "0",
                            "left": "0",
                            "isLinked": false
                        },
                        "align": "center"
                    },
                    "elements": [
                        {
                            "id": "3c9bbe95",
                            "settings": {
                                "title": "WHAT CLIENTS",
                                "_margin": {
                                    "unit": "px",
                                    "top": "0",
                                    "right": "7",
                                    "bottom": "0",
                                    "left": "0",
                                    "isLinked": false
                                },
                                "_padding": {
                                    "unit": "px",
                                    "top": "0",
                                    "right": "0",
                                    "bottom": "0",
                                    "left": "0",
                                    "isLinked": false
                                },
                                "_element_width": "auto",
                                "__globals__": {
                                    "title_color": "globals\/colors?id=a52dc85"
                                },
                                "_animation": "fadeInUp",
                                "animation_duration": "fast",
                                "_animation_delay": 100
                            },
                            "elements": [],
                            "isInner": false,
                            "widgetType": "heading",
                            "elType": "widget"
                        },
                        {
                            "id": "77bb26b6",
                            "settings": {
                                "title": "SAY",
                                "_margin": {
                                    "unit": "px",
                                    "top": "0",
                                    "right": "0",
                                    "bottom": "0",
                                    "left": "6",
                                    "isLinked": false
                                },
                                "_padding": {
                                    "unit": "px",
                                    "top": "0",
                                    "right": "0",
                                    "bottom": "0",
                                    "left": "0",
                                    "isLinked": false
                                },
                                "_element_width": "auto",
                                "_animation": "fadeInUp",
                                "animation_duration": "fast",
                                "_animation_delay": 100
                            },
                            "elements": [],
                            "isInner": false,
                            "widgetType": "heading",
                            "elType": "widget"
                        },
                        {
                            "id": "1c28cecc",
                            "settings": {
                                "width": {
                                    "unit": "px",
                                    "size": 76,
                                    "sizes": []
                                },
                                "align": "center",
                                "text": "Divider",
                                "gap": {
                                    "unit": "px",
                                    "size": "",
                                    "sizes": []
                                },
                                "_margin": {
                                    "unit": "px",
                                    "top": "32",
                                    "right": "0",
                                    "bottom": "0",
                                    "left": "0",
                                    "isLinked": false
                                },
                                "_padding": {
                                    "unit": "px",
                                    "top": "0",
                                    "right": "0",
                                    "bottom": "0",
                                    "left": "0",
                                    "isLinked": false
                                },
                                "__globals__": {
                                    "color": "globals\/colors?id=542a5ad"
                                },
                                "weight": {
                                    "unit": "px",
                                    "size": 2,
                                    "sizes": []
                                },
                                "_animation": "fadeInUp",
                                "animation_duration": "fast",
                                "_animation_delay": 200,
                                "_margin_tablet": {
                                    "unit": "px",
                                    "top": "25",
                                    "right": "0",
                                    "bottom": "0",
                                    "left": "0",
                                    "isLinked": false
                                },
                                "_padding_tablet": {
                                    "unit": "px",
                                    "top": "0",
                                    "right": "0",
                                    "bottom": "0",
                                    "left": "0",
                                    "isLinked": false
                                },
                                "_margin_mobile": {
                                    "unit": "px",
                                    "top": "21",
                                    "right": "0",
                                    "bottom": "0",
                                    "left": "0",
                                    "isLinked": false
                                },
                                "_padding_mobile": {
                                    "unit": "px",
                                    "top": "0",
                                    "right": "0",
                                    "bottom": "0",
                                    "left": "0",
                                    "isLinked": false
                                }
                            },
                            "elements": [],
                            "isInner": false,
                            "widgetType": "divider",
                            "elType": "widget"
                        },
                        {
                            "id": "2704ed18",
                            "settings": {
                                "slides": [
                                    {
                                        "content": "I was really happy when one of my friends \nreferred me to you. Your barbers are the best. \nWish you more customers.",
                                        "name": "THOMAS J. BLACKWOOD",
                                        "title": "",
                                        "image": {
                                            "url": "https:\/\/template-kit.ancorathemes.com\/nelson\/wp-content\/uploads\/sites\/21\/2021\/06\/quote.png",
                                            "id": 677
                                        },
                                        "_id": "d1b527a"
                                    },
                                    {
                                        "content": "Wow, it looks nice! I am happy that I have \nused some of your premium products and \nfeel absolutely great. ",
                                        "name": "MALCOLM EDISON",
                                        "title": "",
                                        "image": {
                                            "url": "https:\/\/template-kit.ancorathemes.com\/nelson\/wp-content\/uploads\/sites\/21\/2021\/06\/quote.png",
                                            "id": 677
                                        },
                                        "_id": "d9f4438"
                                    },
                                    {
                                        "content": "Nothing like a beard and a proper haircut \nmakes a man look stylish. I appresiate\nyour help with my hair.",
                                        "name": "ALEX GRACELAND",
                                        "title": "",
                                        "image": {
                                            "url": "https:\/\/template-kit.ancorathemes.com\/nelson\/wp-content\/uploads\/sites\/21\/2021\/06\/quote.png",
                                            "id": 677
                                        },
                                        "_id": "bf15eb6"
                                    },
                                    {
                                        "content": "Wow, it looks nice! I am happy that I have \nused some of your premium products and \nfeel absolutely great. ",
                                        "name": "ADAM GROOVER",
                                        "title": "",
                                        "image": {
                                            "url": "https:\/\/template-kit.ancorathemes.com\/nelson\/wp-content\/uploads\/sites\/21\/2021\/06\/quote.png",
                                            "id": 677
                                        },
                                        "_id": "9dac19e"
                                    },
                                    {
                                        "content": "Wow, it looks nice! I am happy that I have \nused some of your premium products and \nfeel absolutely great. ",
                                        "name": "ADAM GROOVER",
                                        "title": "",
                                        "image": {
                                            "url": "https:\/\/template-kit.ancorathemes.com\/nelson\/wp-content\/uploads\/sites\/21\/2021\/06\/quote.png",
                                            "id": 677
                                        },
                                        "_id": "8c7feab"
                                    },
                                    {
                                        "content": "Wow, it looks nice! I am happy that I have \nused some of your premium products and \nfeel absolutely great. ",
                                        "name": "ADAM GROOVER",
                                        "title": "",
                                        "image": {
                                            "url": "https:\/\/template-kit.ancorathemes.com\/nelson\/wp-content\/uploads\/sites\/21\/2021\/06\/quote.png",
                                            "id": 677
                                        },
                                        "_id": "610f2ff"
                                    },
                                    {
                                        "content": "Wow, it looks nice! I am happy that I have \nused some of your premium products and \nfeel absolutely great. ",
                                        "name": "ADAM GROOVER",
                                        "title": "",
                                        "image": {
                                            "url": "https:\/\/template-kit.ancorathemes.com\/nelson\/wp-content\/uploads\/sites\/21\/2021\/06\/quote.png",
                                            "id": 677
                                        },
                                        "_id": "c4ac9a5"
                                    }
                                ],
                                "layout": "image_above",
                                "slides_per_view": "3",
                                "show_arrows": "",
                                "image_size": {
                                    "unit": "px",
                                    "size": 23,
                                    "sizes": []
                                },
                                "image_gap": {
                                    "unit": "px",
                                    "size": 0,
                                    "sizes": []
                                },
                                "image_border_radius": {
                                    "unit": "px",
                                    "size": 0,
                                    "sizes": []
                                },
                                "space_between": {
                                    "unit": "px",
                                    "size": 45,
                                    "sizes": []
                                },
                                "slide_padding": {
                                    "unit": "px",
                                    "top": "0",
                                    "right": "0",
                                    "bottom": "60",
                                    "left": "0",
                                    "isLinked": false
                                },
                                "content_gap": {
                                    "unit": "px",
                                    "size": 19,
                                    "sizes": []
                                },
                                "_margin": {
                                    "unit": "px",
                                    "top": "58",
                                    "right": "0",
                                    "bottom": "-10",
                                    "left": "0",
                                    "isLinked": false
                                },
                                "_padding": {
                                    "unit": "px",
                                    "top": "0",
                                    "right": "0",
                                    "bottom": "0",
                                    "left": "0",
                                    "isLinked": false
                                },
                                "__globals__": {
                                    "content_typography_typography": "globals\/typography?id=7c91efa",
                                    "content_color": "globals\/colors?id=c97ee40",
                                    "name_color": "globals\/colors?id=a52dc85",
                                    "name_typography_typography": "globals\/typography?id=accent",
                                    "pagination_color": "globals\/colors?id=c117571"
                                },
                                "slides_to_scroll": "3",
                                "_animation": "fadeInUp",
                                "animation_duration": "fast",
                                "_animation_delay": 300,
                                "content_gap_tablet": {
                                    "unit": "px",
                                    "size": 16,
                                    "sizes": []
                                },
                                "_margin_tablet": {
                                    "unit": "px",
                                    "top": "46",
                                    "right": "0",
                                    "bottom": "-10",
                                    "left": "0",
                                    "isLinked": false
                                },
                                "_padding_tablet": {
                                    "unit": "px",
                                    "top": "0",
                                    "right": "0",
                                    "bottom": "0",
                                    "left": "0",
                                    "isLinked": false
                                },
                                "slides_per_view_tablet": "2",
                                "_margin_mobile": {
                                    "unit": "px",
                                    "top": "41",
                                    "right": "0",
                                    "bottom": "-10",
                                    "left": "0",
                                    "isLinked": false
                                },
                                "_padding_mobile": {
                                    "unit": "px",
                                    "top": "0",
                                    "right": "0",
                                    "bottom": "0",
                                    "left": "0",
                                    "isLinked": false
                                }
                            },
                            "elements": [],
                            "isInner": false,
                            "widgetType": "testimonial-carousel",
                            "elType": "widget"
                        }
                    ],
                    "isInner": false,
                    "elType": "column"
                }
            ],
            "isInner": false,
            "elType": "section"
        }
    ]
}